"filename", "language", "JSON", "MS SQL", "Docker", "Prisma", "Markdown", "TypeScript", "JavaScript", "JSON with Comments", "Ignore", "Python", "XML", "HTML", "PostCSS", "Linker Map file", "YAML", "Makefile", "Less", "SCSS", "PowerShell", "comment", "blank", "total"
"/home/dharon/watum/.agents/skills/adapt/SKILL.md", "Markdown", 0, 0, 0, 0, -151, 0, 0, 0, 0, 0, 0, 0, 0, 0, 0, 0, 0, 0, 0, 0, -48, -199
"/home/dharon/watum/.agents/skills/animate/SKILL.md", "Markdown", 0, 0, 0, 0, -137, 0, 0, 0, 0, 0, 0, 0, 0, 0, 0, 0, 0, 0, 0, 0, -38, -175
"/home/dharon/watum/.agents/skills/audit/SKILL.md", "Markdown", 0, 0, 0, 0, -104, 0, 0, 0, 0, 0, 0, 0, 0, 0, 0, 0, 0, 0, 0, 0, -44, -148
"/home/dharon/watum/.agents/skills/bolder/SKILL.md", "Markdown", 0, 0, 0, 0, -88, 0, 0, 0, 0, 0, 0, 0, 0, 0, 0, 0, 0, 0, 0, 0, -29, -117
"/home/dharon/watum/.agents/skills/clarify/SKILL.md", "Markdown", 0, 0, 0, 0, -140, 0, 0, 0, 0, 0, 0, 0, 0, 0, 0, 0, 0, 0, 0, 0, -43, -183
"/home/dharon/watum/.agents/skills/colorize/SKILL.md", "Markdown", 0, 0, 0, 0, -108, 0, 0, 0, 0, 0, 0, 0, 0, 0, 0, 0, 0, 0, 0, 0, -35, -143
"/home/dharon/watum/.agents/skills/critique/SKILL.md", "Markdown", 0, 0, 0, 0, -159, 0, 0, 0, 0, 0, 0, 0, 0, 0, 0, 0, 0, 0, 0, 0, -66, -225
"/home/dharon/watum/.agents/skills/critique/reference/cognitive-load.md", "Markdown", 0, 0, 0, 0, -77, 0, 0, 0, 0, 0, 0, 0, 0, 0, 0, 0, 0, 0, 0, 0, -30, -107
"/home/dharon/watum/.agents/skills/critique/reference/heuristics-scoring.md", "Markdown", 0, 0, 0, 0, -183, 0, 0, 0, 0, 0, 0, 0, 0, 0, 0, 0, 0, 0, 0, 0, -52, -235
"/home/dharon/watum/.agents/skills/critique/reference/personas.md", "Markdown", 0, 0, 0, 0, -133, 0, 0, 0, 0, 0, 0, 0, 0, 0, 0, 0, 0, 0, 0, 0, -46, -179
"/home/dharon/watum/.agents/skills/delight/SKILL.md", "Markdown", 0, 0, 0, 0, -238, 0, 0, 0, 0, 0, 0, 0, 0, 0, 0, 0, 0, 0, 0, 0, -66, -304
"/home/dharon/watum/.agents/skills/distill/SKILL.md", "Markdown", 0, 0, 0, 0, -93, 0, 0, 0, 0, 0, 0, 0, 0, 0, 0, 0, 0, 0, 0, 0, -29, -122
"/home/dharon/watum/.agents/skills/impeccable/SKILL.md", "Markdown", 0, 0, 0, 0, -252, 0, 0, 0, 0, 0, 0, 0, 0, 0, 0, 0, 0, 0, 0, 0, -119, -371
"/home/dharon/watum/.agents/skills/impeccable/reference/color-and-contrast.md", "Markdown", 0, 0, 0, 0, -65, 0, 0, 0, 0, 0, 0, 0, 0, 0, 0, 0, 0, 0, 0, 0, -41, -106
"/home/dharon/watum/.agents/skills/impeccable/reference/craft.md", "Markdown", 0, 0, 0, 0, -48, 0, 0, 0, 0, 0, 0, 0, 0, 0, 0, 0, 0, 0, 0, 0, -23, -71
"/home/dharon/watum/.agents/skills/impeccable/reference/extract.md", "Markdown", 0, 0, 0, 0, -47, 0, 0, 0, 0, 0, 0, 0, 0, 0, 0, 0, 0, 0, 0, 0, -24, -71
"/home/dharon/watum/.agents/skills/impeccable/reference/interaction-design.md", "Markdown", 0, 0, 0, 0, -133, 0, 0, 0, 0, 0, 0, 0, 0, 0, 0, 0, 0, 0, 0, -3, -60, -196
"/home/dharon/watum/.agents/skills/impeccable/reference/motion-design.md", "Markdown", 0, 0, 0, 0, -66, 0, 0, 0, 0, 0, 0, 0, 0, 0, 0, 0, 0, 0, 0, 0, -34, -100
"/home/dharon/watum/.agents/skills/impeccable/reference/responsive-design.md", "Markdown", 0, 0, 0, 0, -83, 0, 0, 0, 0, 0, 0, 0, 0, 0, 0, 0, 0, 0, 0, 0, -32, -115
"/home/dharon/watum/.agents/skills/impeccable/reference/spatial-design.md", "Markdown", 0, 0, 0, 0, -66, 0, 0, 0, 0, 0, 0, 0, 0, 0, 0, 0, 0, 0, 0, 0, -35, -101
"/home/dharon/watum/.agents/skills/impeccable/reference/typography.md", "Markdown", 0, 0, 0, 0, -93, 0, 0, 0, 0, 0, 0, 0, 0, 0, 0, 0, 0, 0, 0, 0, -50, -143
"/home/dharon/watum/.agents/skills/impeccable/reference/ux-writing.md", "Markdown", 0, 0, 0, 0, -69, 0, 0, 0, 0, 0, 0, 0, 0, 0, 0, 0, 0, 0, 0, 0, -39, -108
"/home/dharon/watum/.agents/skills/impeccable/scripts/cleanup-deprecated.mjs", "JavaScript", 0, 0, 0, 0, 0, 0, -147, 0, 0, 0, 0, 0, 0, 0, 0, 0, 0, 0, 0, -56, -23, -226
"/home/dharon/watum/.agents/skills/layout/SKILL.md", "Markdown", 0, 0, 0, 0, -90, 0, 0, 0, 0, 0, 0, 0, 0, 0, 0, 0, 0, 0, 0, 0, -35, -125
"/home/dharon/watum/.agents/skills/optimize/SKILL.md", "Markdown", 0, 0, 0, 0, -218, 0, 0, 0, 0, 0, 0, 0, 0, 0, 0, 0, 0, 0, 0, 0, -48, -266
"/home/dharon/watum/.agents/skills/overdrive/SKILL.md", "Markdown", 0, 0, 0, 0, -99, 0, 0, 0, 0, 0, 0, 0, 0, 0, 0, 0, 0, 0, 0, 0, -43, -142
"/home/dharon/watum/.agents/skills/polish/SKILL.md", "Markdown", 0, 0, 0, 0, -170, 0, 0, 0, 0, 0, 0, 0, 0, 0, 0, 0, 0, 0, 0, 0, -54, -224
"/home/dharon/watum/.agents/skills/quieter/SKILL.md", "Markdown", 0, 0, 0, 0, -77, 0, 0, 0, 0, 0, 0, 0, 0, 0, 0, 0, 0, 0, 0, 0, -26, -103
"/home/dharon/watum/.agents/skills/shape/SKILL.md", "Markdown", 0, 0, 0, 0, -65, 0, 0, 0, 0, 0, 0, 0, 0, 0, 0, 0, 0, 0, 0, 0, -31, -96
"/home/dharon/watum/.agents/skills/typeset/SKILL.md", "Markdown", 0, 0, 0, 0, -85, 0, 0, 0, 0, 0, 0, 0, 0, 0, 0, 0, 0, 0, 0, 0, -31, -116
"/home/dharon/watum/.agents/skills/uncodixfy/README.md", "Markdown", 0, 0, 0, 0, -46, 0, 0, 0, 0, 0, 0, 0, 0, 0, 0, 0, 0, 0, 0, 0, -31, -77
"/home/dharon/watum/.agents/skills/uncodixfy/SKILL.md", "Markdown", 0, 0, 0, 0, -162, 0, 0, 0, 0, 0, 0, 0, 0, 0, 0, 0, 0, 0, 0, 0, -33, -195
"/home/dharon/watum/.agents/skills/uncodixfy/Uncodixfy.md", "Markdown", 0, 0, 0, 0, -158, 0, 0, 0, 0, 0, 0, 0, 0, 0, 0, 0, 0, 0, 0, 0, -32, -190
"/home/dharon/watum/.dockerignore", "Ignore", 0, 0, 0, 0, 0, 0, 0, 0, -17, 0, 0, 0, 0, 0, 0, 0, 0, 0, 0, 0, -1, -18
"/home/dharon/watum/.impeccable.md", "Markdown", 0, 0, 0, 0, -13, 0, 0, 0, 0, 0, 0, 0, 0, 0, 0, 0, 0, 0, 0, 0, -9, -22
"/home/dharon/watum/.kilo/package-lock.json", "JSON", -115, 0, 0, 0, 0, 0, 0, 0, 0, 0, 0, 0, 0, 0, 0, 0, 0, 0, 0, 0, -1, -116
"/home/dharon/watum/.kilo/plans/1776432473747-eager-wolf.md", "Markdown", 0, 0, 0, 0, -83, 0, 0, 0, 0, 0, 0, 0, 0, 0, 0, 0, 0, 0, 0, 0, -37, -120
"/home/dharon/watum/.kilo/skills/find-skills/SKILL.md", "Markdown", 0, 0, 0, 0, -95, 0, 0, 0, 0, 0, 0, 0, 0, 0, 0, 0, 0, 0, 0, 0, -48, -143
"/home/dharon/watum/.kilo/skills/microsoft-foundry/SKILL.md", "Markdown", 0, 0, 0, 0, -112, 0, 0, 0, 0, 0, 0, 0, 0, 0, 0, 0, 0, 0, 0, 0, -46, -158
"/home/dharon/watum/.kilo/skills/microsoft-foundry/foundry-agent/create/create-prompt.md", "Markdown", 0, 0, 0, 0, -69, 0, 0, 0, 0, 0, 0, 0, 0, 0, 0, 0, 0, 0, 0, 0, -21, -90
"/home/dharon/watum/.kilo/skills/microsoft-foundry/foundry-agent/create/create.md", "Markdown", 0, 0, 0, 0, -167, 0, 0, 0, 0, 0, 0, 0, 0, 0, 0, 0, 0, 0, 0, 0, -73, -240
"/home/dharon/watum/.kilo/skills/microsoft-foundry/foundry-agent/create/references/agent-tools.md", "Markdown", 0, 0, 0, 0, -30, 0, 0, 0, 0, 0, 0, 0, 0, 0, 0, 0, 0, 0, 0, 0, -16, -46
"/home/dharon/watum/.kilo/skills/microsoft-foundry/foundry-agent/create/references/agentframework.md", "Markdown", 0, 0, 0, 0, -57, 0, 0, 0, 0, 0, 0, 0, 0, 0, 0, 0, 0, 0, 0, 0, -36, -93
"/home/dharon/watum/.kilo/skills/microsoft-foundry/foundry-agent/create/references/sdk-operations.md", "Markdown", 0, 0, 0, 0, -35, 0, 0, 0, 0, 0, 0, 0, 0, 0, 0, 0, 0, 0, 0, 0, -13, -48
"/home/dharon/watum/.kilo/skills/microsoft-foundry/foundry-agent/create/references/tool-azure-ai-search.md", "Markdown", 0, 0, 0, 0, -50, 0, 0, 0, 0, 0, 0, 0, 0, 0, 0, 0, 0, 0, 0, 0, -20, -70
"/home/dharon/watum/.kilo/skills/microsoft-foundry/foundry-agent/create/references/tool-bing-grounding.md", "Markdown", 0, 0, 0, 0, -36, 0, 0, 0, 0, 0, 0, 0, 0, 0, 0, 0, 0, 0, 0, 0, -15, -51
"/home/dharon/watum/.kilo/skills/microsoft-foundry/foundry-agent/create/references/tool-file-search.md", "Markdown", 0, 0, 0, 0, -44, 0, 0, 0, 0, 0, 0, 0, 0, 0, 0, 0, 0, 0, 0, 0, -17, -61
"/home/dharon/watum/.kilo/skills/microsoft-foundry/foundry-agent/create/references/tool-mcp.md", "Markdown", 0, 0, 0, 0, -46, 0, 0, 0, 0, 0, 0, 0, 0, 0, 0, 0, 0, 0, 0, 0, -21, -67
"/home/dharon/watum/.kilo/skills/microsoft-foundry/foundry-agent/create/references/tool-memory.md", "Markdown", 0, 0, 0, 0, -81, 0, 0, 0, 0, 0, 0, 0, 0, 0, 0, 0, 0, 0, 0, 0, -29, -110
"/home/dharon/watum/.kilo/skills/microsoft-foundry/foundry-agent/create/references/tool-web-search.md", "Markdown", 0, 0, 0, 0, -38, 0, 0, 0, 0, 0, 0, 0, 0, 0, 0, 0, 0, 0, 0, 0, -20, -58
"/home/dharon/watum/.kilo/skills/microsoft-foundry/foundry-agent/deploy/deploy.md", "Markdown", 0, 0, 0, 0, -283, 0, 0, 0, 0, 0, 0, 0, 0, 0, 0, 0, 0, 0, 0, 0, -124, -407
"/home/dharon/watum/.kilo/skills/microsoft-foundry/foundry-agent/eval-datasets/eval-datasets.md", "Markdown", 0, 0, 0, 0, -84, 0, 0, 0, 0, 0, 0, 0, 0, 0, 0, 0, 0, 0, 0, 0, -27, -111
"/home/dharon/watum/.kilo/skills/microsoft-foundry/foundry-agent/eval-datasets/references/dataset-comparison.md", "Markdown", 0, 0, 0, 0, -73, 0, 0, 0, 0, 0, 0, 0, 0, 0, 0, 0, 0, 0, 0, 0, -31, -104
"/home/dharon/watum/.kilo/skills/microsoft-foundry/foundry-agent/eval-datasets/references/dataset-curation.md", "Markdown", 0, 0, 0, 0, -74, 0, 0, 0, 0, 0, 0, 0, 0, 0, 0, 0, 0, 0, 0, 0, -29, -103
"/home/dharon/watum/.kilo/skills/microsoft-foundry/foundry-agent/eval-datasets/references/dataset-organization.md", "Markdown", 0, 0, 0, 0, -78, 0, 0, 0, 0, 0, 0, 0, 0, 0, 0, 0, 0, 0, 0, 0, -35, -113
"/home/dharon/watum/.kilo/skills/microsoft-foundry/foundry-agent/eval-datasets/references/dataset-versioning.md", "Markdown", 0, 0, 0, 0, -142, 0, 0, 0, 0, 0, 0, 0, 0, 0, 0, 0, 0, 0, 0, 0, -40, -182
"/home/dharon/watum/.kilo/skills/microsoft-foundry/foundry-agent/eval-datasets/references/eval-lineage.md", "Markdown", 0, 0, 0, 0, -106, 0, 0, 0, 0, 0, 0, 0, 0, 0, 0, 0, 0, 0, 0, 0, -22, -128
"/home/dharon/watum/.kilo/skills/microsoft-foundry/foundry-agent/eval-datasets/references/eval-regression.md", "Markdown", 0, 0, 0, 0, -93, 0, 0, 0, 0, 0, 0, 0, 0, 0, 0, 0, 0, 0, 0, 0, -29, -122
"/home/dharon/watum/.kilo/skills/microsoft-foundry/foundry-agent/eval-datasets/references/eval-trending.md", "Markdown", 0, 0, 0, 0, -66, 0, 0, 0, 0, 0, 0, 0, 0, 0, 0, 0, 0, 0, 0, 0, -30, -96
"/home/dharon/watum/.kilo/skills/microsoft-foundry/foundry-agent/eval-datasets/references/generate-seed-dataset.md", "Markdown", 0, 0, 0, 0, -138, 0, 0, 0, 0, 0, 0, 0, 0, 0, 0, 0, 0, 0, 0, 0, -44, -182
"/home/dharon/watum/.kilo/skills/microsoft-foundry/foundry-agent/eval-datasets/references/trace-to-dataset.md", "Markdown", 0, 0, 0, 0, -306, 0, 0, 0, 0, 0, 0, 0, 0, 0, 0, 0, 0, 0, 0, 0, -88, -394
"/home/dharon/watum/.kilo/skills/microsoft-foundry/foundry-agent/invoke/invoke.md", "Markdown", 0, 0, 0, 0, -69, 0, 0, 0, 0, 0, 0, 0, 0, 0, 0, 0, 0, 0, 0, 0, -30, -99
"/home/dharon/watum/.kilo/skills/microsoft-foundry/foundry-agent/observe/observe.md", "Markdown", 0, 0, 0, 0, -85, 0, 0, 0, 0, 0, 0, 0, 0, 0, 0, 0, 0, 0, 0, 0, -25, -110
"/home/dharon/watum/.kilo/skills/microsoft-foundry/foundry-agent/observe/references/analyze-results.md", "Markdown", 0, 0, 0, 0, -96, 0, 0, 0, 0, 0, 0, 0, 0, 0, 0, 0, 0, 0, 0, 0, -40, -136
"/home/dharon/watum/.kilo/skills/microsoft-foundry/foundry-agent/observe/references/cicd-monitoring.md", "Markdown", 0, 0, 0, 0, -23, 0, 0, 0, 0, 0, 0, 0, 0, 0, 0, 0, 0, 0, 0, 0, -14, -37
"/home/dharon/watum/.kilo/skills/microsoft-foundry/foundry-agent/observe/references/compare-iterate.md", "Markdown", 0, 0, 0, 0, -36, 0, 0, 0, 0, 0, 0, 0, 0, 0, 0, 0, 0, 0, 0, 0, -17, -53
"/home/dharon/watum/.kilo/skills/microsoft-foundry/foundry-agent/observe/references/deploy-and-setup.md", "Markdown", 0, 0, 0, 0, -72, 0, 0, 0, 0, 0, 0, 0, 0, 0, 0, 0, 0, 0, 0, 0, -35, -107
"/home/dharon/watum/.kilo/skills/microsoft-foundry/foundry-agent/observe/references/evaluate-step.md", "Markdown", 0, 0, 0, 0, -45, 0, 0, 0, 0, 0, 0, 0, 0, 0, 0, 0, 0, 0, 0, 0, -27, -72
"/home/dharon/watum/.kilo/skills/microsoft-foundry/foundry-agent/observe/references/optimize-deploy.md", "Markdown", 0, 0, 0, 0, -20, 0, 0, 0, 0, 0, 0, 0, 0, 0, 0, 0, 0, 0, 0, 0, -13, -33
"/home/dharon/watum/.kilo/skills/microsoft-foundry/foundry-agent/trace/references/analyze-failures.md", "Markdown", 0, 0, 0, 0, -90, 0, 0, 0, 0, 0, 0, 0, 0, 0, 0, 0, 0, 0, 0, 0, -20, -110
"/home/dharon/watum/.kilo/skills/microsoft-foundry/foundry-agent/trace/references/analyze-latency.md", "Markdown", 0, 0, 0, 0, -97, 0, 0, 0, 0, 0, 0, 0, 0, 0, 0, 0, 0, 0, 0, 0, -20, -117
"/home/dharon/watum/.kilo/skills/microsoft-foundry/foundry-agent/trace/references/conversation-detail.md", "Markdown", 0, 0, 0, 0, -77, 0, 0, 0, 0, 0, 0, 0, 0, 0, 0, 0, 0, 0, 0, 0, -22, -99
"/home/dharon/watum/.kilo/skills/microsoft-foundry/foundry-agent/trace/references/eval-correlation.md", "Markdown", 0, 0, 0, 0, -45, 0, 0, 0, 0, 0, 0, 0, 0, 0, 0, 0, 0, 0, 0, 0, -13, -58
"/home/dharon/watum/.kilo/skills/microsoft-foundry/foundry-agent/trace/references/kql-templates.md", "Markdown", 0, 0, 0, 0, -186, 0, 0, 0, 0, 0, 0, 0, 0, 0, 0, 0, 0, 0, 0, 0, -36, -222
"/home/dharon/watum/.kilo/skills/microsoft-foundry/foundry-agent/trace/references/search-traces.md", "Markdown", 0, 0, 0, 0, -132, 0, 0, 0, 0, 0, 0, 0, 0, 0, 0, 0, 0, 0, 0, 0, -32, -164
"/home/dharon/watum/.kilo/skills/microsoft-foundry/foundry-agent/trace/trace.md", "Markdown", 0, 0, 0, 0, -46, 0, 0, 0, 0, 0, 0, 0, 0, 0, 0, 0, 0, 0, 0, 0, -16, -62
"/home/dharon/watum/.kilo/skills/microsoft-foundry/foundry-agent/troubleshoot/troubleshoot.md", "Markdown", 0, 0, 0, 0, -66, 0, 0, 0, 0, 0, 0, 0, 0, 0, 0, 0, 0, 0, 0, 0, -31, -97
"/home/dharon/watum/.kilo/skills/microsoft-foundry/models/deploy-model/SKILL.md", "Markdown", 0, 0, 0, 0, -110, 0, 0, 0, 0, 0, 0, 0, 0, 0, 0, 0, 0, 0, 0, 0, -35, -145
"/home/dharon/watum/.kilo/skills/microsoft-foundry/models/deploy-model/TEST_PROMPTS.md", "Markdown", 0, 0, 0, 0, -60, 0, 0, 0, 0, 0, 0, 0, 0, 0, 0, 0, 0, 0, 0, 0, -19, -79
"/home/dharon/watum/.kilo/skills/microsoft-foundry/models/deploy-model/capacity/SKILL.md", "Markdown", 0, 0, 0, 0, -105, 0, 0, 0, 0, 0, 0, 0, 0, 0, 0, 0, 0, 0, 0, 0, -42, -147
"/home/dharon/watum/.kilo/skills/microsoft-foundry/models/deploy-model/capacity/scripts/discover_and_rank.ps1", "PowerShell", 0, 0, 0, 0, 0, 0, 0, 0, 0, 0, 0, 0, 0, 0, 0, 0, 0, 0, -81, -20, -13, -114
"/home/dharon/watum/.kilo/skills/microsoft-foundry/models/deploy-model/capacity/scripts/query_capacity.ps1", "PowerShell", 0, 0, 0, 0, 0, 0, 0, 0, 0, 0, 0, 0, 0, 0, 0, 0, 0, 0, -52, -19, -10, -81
"/home/dharon/watum/.kilo/skills/microsoft-foundry/models/deploy-model/customize/EXAMPLES.md", "Markdown", 0, 0, 0, 0, -60, 0, 0, 0, 0, 0, 0, 0, 0, 0, 0, 0, 0, 0, 0, 0, -31, -91
"/home/dharon/watum/.kilo/skills/microsoft-foundry/models/deploy-model/customize/SKILL.md", "Markdown", 0, 0, 0, 0, -125, 0, 0, 0, 0, 0, 0, 0, 0, 0, 0, 0, 0, 0, 0, 0, -43, -168
"/home/dharon/watum/.kilo/skills/microsoft-foundry/models/deploy-model/customize/references/customize-guides.md", "Markdown", 0, 0, 0, 0, -96, 0, 0, 0, 0, 0, 0, 0, 0, 0, 0, 0, 0, 0, 0, 0, -31, -127
"/home/dharon/watum/.kilo/skills/microsoft-foundry/models/deploy-model/customize/references/customize-workflow.md", "Markdown", 0, 0, 0, 0, -303, 0, 0, 0, 0, 0, 0, 0, 0, 0, 0, 0, 0, 0, 0, 0, -108, -411
"/home/dharon/watum/.kilo/skills/microsoft-foundry/models/deploy-model/preset/EXAMPLES.md", "Markdown", 0, 0, 0, 0, -47, 0, 0, 0, 0, 0, 0, 0, 0, 0, 0, 0, 0, 0, 0, 0, -22, -69
"/home/dharon/watum/.kilo/skills/microsoft-foundry/models/deploy-model/preset/SKILL.md", "Markdown", 0, 0, 0, 0, -77, 0, 0, 0, 0, 0, 0, 0, 0, 0, 0, 0, 0, 0, 0, 0, -27, -104
"/home/dharon/watum/.kilo/skills/microsoft-foundry/models/deploy-model/preset/references/preset-workflow.md", "Markdown", 0, 0, 0, 0, -566, 0, 0, 0, 0, 0, 0, 0, 0, 0, 0, 0, 0, 0, 0, 0, -129, -695
"/home/dharon/watum/.kilo/skills/microsoft-foundry/models/deploy-model/preset/references/workflow.md", "Markdown", 0, 0, 0, 0, -122, 0, 0, 0, 0, 0, 0, 0, 0, 0, 0, 0, 0, 0, 0, 0, -53, -175
"/home/dharon/watum/.kilo/skills/microsoft-foundry/models/deploy-model/scripts/generate_deployment_url.ps1", "PowerShell", 0, 0, 0, 0, 0, 0, 0, 0, 0, 0, 0, 0, 0, 0, 0, 0, 0, 0, -44, -14, -16, -74
"/home/dharon/watum/.kilo/skills/microsoft-foundry/project/connections.md", "Markdown", 0, 0, 0, 0, -44, 0, 0, 0, 0, 0, 0, 0, 0, 0, 0, 0, 0, 0, 0, 0, -18, -62
"/home/dharon/watum/.kilo/skills/microsoft-foundry/project/create/create-foundry-project.md", "Markdown", 0, 0, 0, 0, -89, 0, 0, 0, 0, 0, 0, 0, 0, 0, 0, 0, 0, 0, 0, 0, -46, -135
"/home/dharon/watum/.kilo/skills/microsoft-foundry/quota/quota.md", "Markdown", 0, 0, 0, 0, -134, 0, 0, 0, 0, 0, 0, 0, 0, 0, 0, 0, 0, 0, 0, 0, -53, -187
"/home/dharon/watum/.kilo/skills/microsoft-foundry/quota/references/capacity-planning.md", "Markdown", 0, 0, 0, 0, -94, 0, 0, 0, 0, 0, 0, 0, 0, 0, 0, 0, 0, 0, 0, 0, -33, -127
"/home/dharon/watum/.kilo/skills/microsoft-foundry/quota/references/error-resolution.md", "Markdown", 0, 0, 0, 0, -102, 0, 0, 0, 0, 0, 0, 0, 0, 0, 0, 0, 0, 0, 0, 0, -44, -146
"/home/dharon/watum/.kilo/skills/microsoft-foundry/quota/references/optimization.md", "Markdown", 0, 0, 0, 0, -119, 0, 0, 0, 0, 0, 0, 0, 0, 0, 0, 0, 0, 0, 0, 0, -50, -169
"/home/dharon/watum/.kilo/skills/microsoft-foundry/quota/references/ptu-guide.md", "Markdown", 0, 0, 0, 0, -120, 0, 0, 0, 0, 0, 0, 0, 0, 0, 0, 0, 0, 0, 0, 0, -33, -153
"/home/dharon/watum/.kilo/skills/microsoft-foundry/quota/references/troubleshooting.md", "Markdown", 0, 0, 0, 0, -163, 0, 0, 0, 0, 0, 0, 0, 0, 0, 0, 0, 0, 0, 0, 0, -49, -212
"/home/dharon/watum/.kilo/skills/microsoft-foundry/quota/references/workflows.md", "Markdown", 0, 0, 0, 0, -138, 0, 0, 0, 0, 0, 0, 0, 0, 0, 0, 0, 0, 0, 0, 0, -39, -177
"/home/dharon/watum/.kilo/skills/microsoft-foundry/rbac/rbac.md", "Markdown", 0, 0, 0, 0, -114, 0, 0, 0, 0, 0, 0, 0, 0, 0, 0, 0, 0, 0, 0, 0, -43, -157
"/home/dharon/watum/.kilo/skills/microsoft-foundry/references/agent-metadata-contract.md", "Markdown", 0, 0, 0, 0, -95, 0, 0, 0, 0, 0, 0, 0, 0, 0, 0, 0, 0, 0, 0, 0, -16, -111
"/home/dharon/watum/.kilo/skills/microsoft-foundry/references/auth-best-practices.md", "Markdown", 0, 0, 0, 0, -95, 0, 0, 0, 0, 0, 0, 0, 0, 0, 0, 0, 0, 0, 0, 0, -36, -131
"/home/dharon/watum/.kilo/skills/microsoft-foundry/references/private-network-standard-agent-setup.md", "Markdown", 0, 0, 0, 0, -25, 0, 0, 0, 0, 0, 0, 0, 0, 0, 0, 0, 0, 0, 0, 0, -16, -41
"/home/dharon/watum/.kilo/skills/microsoft-foundry/references/sdk/foundry-sdk-py.md", "Markdown", 0, 0, 0, 0, -210, 0, 0, 0, 0, 0, 0, 0, 0, 0, 0, 0, 0, 0, 0, 0, -56, -266
"/home/dharon/watum/.kilo/skills/microsoft-foundry/references/standard-agent-setup.md", "Markdown", 0, 0, 0, 0, -33, 0, 0, 0, 0, 0, 0, 0, 0, 0, 0, 0, 0, 0, 0, 0, -19, -52
"/home/dharon/watum/.kilo/skills/microsoft-foundry/resource/create/create-foundry-resource.md", "Markdown", 0, 0, 0, 0, -108, 0, 0, 0, 0, 0, 0, 0, 0, 0, 0, 0, 0, 0, 0, 0, -45, -153
"/home/dharon/watum/.kilo/skills/microsoft-foundry/resource/create/references/patterns.md", "Markdown", 0, 0, 0, 0, -103, 0, 0, 0, 0, 0, 0, 0, 0, 0, 0, 0, 0, 0, 0, 0, -34, -137
"/home/dharon/watum/.kilo/skills/microsoft-foundry/resource/create/references/troubleshooting.md", "Markdown", 0, 0, 0, 0, -69, 0, 0, 0, 0, 0, 0, 0, 0, 0, 0, 0, 0, 0, 0, 0, -24, -93
"/home/dharon/watum/.kilo/skills/microsoft-foundry/resource/create/references/workflows.md", "Markdown", 0, 0, 0, 0, -175, 0, 0, 0, 0, 0, 0, 0, 0, 0, 0, 0, 0, 0, 0, 0, -63, -238
"/home/dharon/watum/.kilocode/package-lock.json", "JSON", -115, 0, 0, 0, 0, 0, 0, 0, 0, 0, 0, 0, 0, 0, 0, 0, 0, 0, 0, 0, -1, -116
"/home/dharon/watum/.kilocode/skills/adapt/SKILL.md", "Markdown", 0, 0, 0, 0, -151, 0, 0, 0, 0, 0, 0, 0, 0, 0, 0, 0, 0, 0, 0, 0, -48, -199
"/home/dharon/watum/.kilocode/skills/animate/SKILL.md", "Markdown", 0, 0, 0, 0, -137, 0, 0, 0, 0, 0, 0, 0, 0, 0, 0, 0, 0, 0, 0, 0, -38, -175
"/home/dharon/watum/.kilocode/skills/audit/SKILL.md", "Markdown", 0, 0, 0, 0, -104, 0, 0, 0, 0, 0, 0, 0, 0, 0, 0, 0, 0, 0, 0, 0, -44, -148
"/home/dharon/watum/.kilocode/skills/bolder/SKILL.md", "Markdown", 0, 0, 0, 0, -88, 0, 0, 0, 0, 0, 0, 0, 0, 0, 0, 0, 0, 0, 0, 0, -29, -117
"/home/dharon/watum/.kilocode/skills/clarify/SKILL.md", "Markdown", 0, 0, 0, 0, -140, 0, 0, 0, 0, 0, 0, 0, 0, 0, 0, 0, 0, 0, 0, 0, -43, -183
"/home/dharon/watum/.kilocode/skills/colorize/SKILL.md", "Markdown", 0, 0, 0, 0, -108, 0, 0, 0, 0, 0, 0, 0, 0, 0, 0, 0, 0, 0, 0, 0, -35, -143
"/home/dharon/watum/.kilocode/skills/critique/SKILL.md", "Markdown", 0, 0, 0, 0, -159, 0, 0, 0, 0, 0, 0, 0, 0, 0, 0, 0, 0, 0, 0, 0, -66, -225
"/home/dharon/watum/.kilocode/skills/critique/reference/cognitive-load.md", "Markdown", 0, 0, 0, 0, -77, 0, 0, 0, 0, 0, 0, 0, 0, 0, 0, 0, 0, 0, 0, 0, -30, -107
"/home/dharon/watum/.kilocode/skills/critique/reference/heuristics-scoring.md", "Markdown", 0, 0, 0, 0, -183, 0, 0, 0, 0, 0, 0, 0, 0, 0, 0, 0, 0, 0, 0, 0, -52, -235
"/home/dharon/watum/.kilocode/skills/critique/reference/personas.md", "Markdown", 0, 0, 0, 0, -133, 0, 0, 0, 0, 0, 0, 0, 0, 0, 0, 0, 0, 0, 0, 0, -46, -179
"/home/dharon/watum/.kilocode/skills/delight/SKILL.md", "Markdown", 0, 0, 0, 0, -238, 0, 0, 0, 0, 0, 0, 0, 0, 0, 0, 0, 0, 0, 0, 0, -66, -304
"/home/dharon/watum/.kilocode/skills/distill/SKILL.md", "Markdown", 0, 0, 0, 0, -93, 0, 0, 0, 0, 0, 0, 0, 0, 0, 0, 0, 0, 0, 0, 0, -29, -122
"/home/dharon/watum/.kilocode/skills/impeccable/SKILL.md", "Markdown", 0, 0, 0, 0, -252, 0, 0, 0, 0, 0, 0, 0, 0, 0, 0, 0, 0, 0, 0, 0, -119, -371
"/home/dharon/watum/.kilocode/skills/impeccable/reference/color-and-contrast.md", "Markdown", 0, 0, 0, 0, -65, 0, 0, 0, 0, 0, 0, 0, 0, 0, 0, 0, 0, 0, 0, 0, -41, -106
"/home/dharon/watum/.kilocode/skills/impeccable/reference/craft.md", "Markdown", 0, 0, 0, 0, -48, 0, 0, 0, 0, 0, 0, 0, 0, 0, 0, 0, 0, 0, 0, 0, -23, -71
"/home/dharon/watum/.kilocode/skills/impeccable/reference/extract.md", "Markdown", 0, 0, 0, 0, -47, 0, 0, 0, 0, 0, 0, 0, 0, 0, 0, 0, 0, 0, 0, 0, -24, -71
"/home/dharon/watum/.kilocode/skills/impeccable/reference/interaction-design.md", "Markdown", 0, 0, 0, 0, -133, 0, 0, 0, 0, 0, 0, 0, 0, 0, 0, 0, 0, 0, 0, -3, -60, -196
"/home/dharon/watum/.kilocode/skills/impeccable/reference/motion-design.md", "Markdown", 0, 0, 0, 0, -66, 0, 0, 0, 0, 0, 0, 0, 0, 0, 0, 0, 0, 0, 0, 0, -34, -100
"/home/dharon/watum/.kilocode/skills/impeccable/reference/responsive-design.md", "Markdown", 0, 0, 0, 0, -83, 0, 0, 0, 0, 0, 0, 0, 0, 0, 0, 0, 0, 0, 0, 0, -32, -115
"/home/dharon/watum/.kilocode/skills/impeccable/reference/spatial-design.md", "Markdown", 0, 0, 0, 0, -66, 0, 0, 0, 0, 0, 0, 0, 0, 0, 0, 0, 0, 0, 0, 0, -35, -101
"/home/dharon/watum/.kilocode/skills/impeccable/reference/typography.md", "Markdown", 0, 0, 0, 0, -93, 0, 0, 0, 0, 0, 0, 0, 0, 0, 0, 0, 0, 0, 0, 0, -50, -143
"/home/dharon/watum/.kilocode/skills/impeccable/reference/ux-writing.md", "Markdown", 0, 0, 0, 0, -69, 0, 0, 0, 0, 0, 0, 0, 0, 0, 0, 0, 0, 0, 0, 0, -39, -108
"/home/dharon/watum/.kilocode/skills/impeccable/scripts/cleanup-deprecated.mjs", "JavaScript", 0, 0, 0, 0, 0, 0, -147, 0, 0, 0, 0, 0, 0, 0, 0, 0, 0, 0, 0, -56, -23, -226
"/home/dharon/watum/.kilocode/skills/layout/SKILL.md", "Markdown", 0, 0, 0, 0, -90, 0, 0, 0, 0, 0, 0, 0, 0, 0, 0, 0, 0, 0, 0, 0, -35, -125
"/home/dharon/watum/.kilocode/skills/optimize/SKILL.md", "Markdown", 0, 0, 0, 0, -218, 0, 0, 0, 0, 0, 0, 0, 0, 0, 0, 0, 0, 0, 0, 0, -48, -266
"/home/dharon/watum/.kilocode/skills/overdrive/SKILL.md", "Markdown", 0, 0, 0, 0, -99, 0, 0, 0, 0, 0, 0, 0, 0, 0, 0, 0, 0, 0, 0, 0, -43, -142
"/home/dharon/watum/.kilocode/skills/polish/SKILL.md", "Markdown", 0, 0, 0, 0, -170, 0, 0, 0, 0, 0, 0, 0, 0, 0, 0, 0, 0, 0, 0, 0, -54, -224
"/home/dharon/watum/.kilocode/skills/quieter/SKILL.md", "Markdown", 0, 0, 0, 0, -77, 0, 0, 0, 0, 0, 0, 0, 0, 0, 0, 0, 0, 0, 0, 0, -26, -103
"/home/dharon/watum/.kilocode/skills/shape/SKILL.md", "Markdown", 0, 0, 0, 0, -65, 0, 0, 0, 0, 0, 0, 0, 0, 0, 0, 0, 0, 0, 0, 0, -31, -96
"/home/dharon/watum/.kilocode/skills/typeset/SKILL.md", "Markdown", 0, 0, 0, 0, -85, 0, 0, 0, 0, 0, 0, 0, 0, 0, 0, 0, 0, 0, 0, 0, -31, -116
"/home/dharon/watum/.kilocode/skills/uncodixfy/README.md", "Markdown", 0, 0, 0, 0, -46, 0, 0, 0, 0, 0, 0, 0, 0, 0, 0, 0, 0, 0, 0, 0, -31, -77
"/home/dharon/watum/.kilocode/skills/uncodixfy/SKILL.md", "Markdown", 0, 0, 0, 0, -162, 0, 0, 0, 0, 0, 0, 0, 0, 0, 0, 0, 0, 0, 0, 0, -33, -195
"/home/dharon/watum/.kilocode/skills/uncodixfy/Uncodixfy.md", "Markdown", 0, 0, 0, 0, -158, 0, 0, 0, 0, 0, 0, 0, 0, 0, 0, 0, 0, 0, 0, 0, -32, -190
"/home/dharon/watum/.prettierignore", "Ignore", 0, 0, 0, 0, 0, 0, 0, 0, -7, 0, 0, 0, 0, 0, 0, 0, 0, 0, 0, -3, -3, -13
"/home/dharon/watum/.prettierrc", "JSON", -16, 0, 0, 0, 0, 0, 0, 0, 0, 0, 0, 0, 0, 0, 0, 0, 0, 0, 0, 0, -1, -17
"/home/dharon/watum/BACKEND_GUIDE.md", "Markdown", 0, 0, 0, 0, -2054, 0, 0, 0, 0, 0, 0, 0, 0, 0, 0, 0, 0, 0, 0, 0, -376, -2430
"/home/dharon/watum/CONFLICT_AUDIT_ARCHITECTURE.md", "Markdown", 0, 0, 0, 0, -239, 0, 0, 0, 0, 0, 0, 0, 0, 0, 0, 0, 0, 0, 0, 0, -92, -331
"/home/dharon/watum/DOCUMENTATION.md", "Markdown", 0, 0, 0, 0, -1191, 0, 0, 0, 0, 0, 0, 0, 0, 0, 0, 0, 0, 0, 0, -2, -433, -1626
"/home/dharon/watum/Dockerfile", "Docker", 0, 0, -26, 0, 0, 0, 0, 0, 0, 0, 0, 0, 0, 0, 0, 0, 0, 0, 0, -2, -11, -39
"/home/dharon/watum/MYSQL2_PATTERNS.md", "Markdown", 0, 0, 0, 0, -265, 0, 0, 0, 0, 0, 0, 0, 0, 0, 0, 0, 0, 0, 0, 0, -52, -317
"/home/dharon/watum/README.md", "Markdown", 0, 0, 0, 0, -86, 0, 0, 0, 0, 0, 0, 0, 0, 0, 0, 0, 0, 0, 0, 0, -39, -125
"/home/dharon/watum/bench.js", "JavaScript", 0, 0, 0, 0, 0, 0, -35, 0, 0, 0, 0, 0, 0, 0, 0, 0, 0, 0, 0, -2, -6, -43
"/home/dharon/watum/components.json", "JSON", -20, 0, 0, 0, 0, 0, 0, 0, 0, 0, 0, 0, 0, 0, 0, 0, 0, 0, 0, 0, -1, -21
"/home/dharon/watum/docs/REMOTE_FUNCTIONS_GUIDE.md", "Markdown", 0, 0, 0, 0, -315, 0, 0, 0, 0, 0, 0, 0, 0, 0, 0, 0, 0, 0, 0, -2, -82, -399
"/home/dharon/watum/eslint.config.js", "JavaScript", 0, 0, 0, 0, 0, 0, -49, 0, 0, 0, 0, 0, 0, 0, 0, 0, 0, 0, 0, -2, -3, -54
"/home/dharon/watum/kelompok10_akademik_b (1).md", "Markdown", 0, 0, 0, 0, -5, 0, 0, 0, 0, 0, 0, 0, 0, 0, 0, 0, 0, 0, 0, 0, -6, -11
"/home/dharon/watum/live-test-page-snapshot.md", "Markdown", 0, 0, 0, 0, -63, 0, 0, 0, 0, 0, 0, 0, 0, 0, 0, 0, 0, 0, 0, 0, 0, -63
"/home/dharon/watum/login-network.json", "JSON", -4, 0, 0, 0, 0, 0, 0, 0, 0, 0, 0, 0, 0, 0, 0, 0, 0, 0, 0, 0, 0, -4
"/home/dharon/watum/package-lock.json", "JSON", -6041, 0, 0, 0, 0, 0, 0, 0, 0, 0, 0, 0, 0, 0, 0, 0, 0, 0, 0, 0, -1, -6042
"/home/dharon/watum/package.json", "JSON", -70, 0, 0, 0, 0, 0, 0, 0, 0, 0, 0, 0, 0, 0, 0, 0, 0, 0, 0, 0, -1, -71
"/home/dharon/watum/performance/benchmark-report-4173-optimized/index.html", "HTML", 0, 0, 0, 0, 0, 0, 0, 0, 0, 0, 0, -255, 0, 0, 0, 0, 0, 0, 0, 0, 0, -255
"/home/dharon/watum/performance/benchmark-report-4173-optimized/statistics.json", "JSON", -290, 0, 0, 0, 0, 0, 0, 0, 0, 0, 0, 0, 0, 0, 0, 0, 0, 0, 0, 0, 0, -290
"/home/dharon/watum/performance/benchmark-report-4173/index.html", "HTML", 0, 0, 0, 0, 0, 0, 0, 0, 0, 0, 0, -138, 0, 0, 0, 0, 0, 0, 0, 0, 0, -138
"/home/dharon/watum/performance/benchmark-report-4173/statistics.json", "JSON", -146, 0, 0, 0, 0, 0, 0, 0, 0, 0, 0, 0, 0, 0, 0, 0, 0, 0, 0, 0, 0, -146
"/home/dharon/watum/performance/benchmark-report-final/index.html", "HTML", 0, 0, 0, 0, 0, 0, 0, 0, 0, 0, 0, -255, 0, 0, 0, 0, 0, 0, 0, 0, 0, -255
"/home/dharon/watum/performance/benchmark-report-final/statistics.json", "JSON", -290, 0, 0, 0, 0, 0, 0, 0, 0, 0, 0, 0, 0, 0, 0, 0, 0, 0, 0, 0, 0, -290
"/home/dharon/watum/performance/benchmark-report-final2/index.html", "HTML", 0, 0, 0, 0, 0, 0, 0, 0, 0, 0, 0, -138, 0, 0, 0, 0, 0, 0, 0, 0, 0, -138
"/home/dharon/watum/performance/benchmark-report-final2/statistics.json", "JSON", -146, 0, 0, 0, 0, 0, 0, 0, 0, 0, 0, 0, 0, 0, 0, 0, 0, 0, 0, 0, 0, -146
"/home/dharon/watum/performance/benchmark-report/index.html", "HTML", 0, 0, 0, 0, 0, 0, 0, 0, 0, 0, 0, -255, 0, 0, 0, 0, 0, 0, 0, 0, 0, -255
"/home/dharon/watum/performance/benchmark-report/statistics.json", "JSON", -290, 0, 0, 0, 0, 0, 0, 0, 0, 0, 0, 0, 0, 0, 0, 0, 0, 0, 0, 0, 0, -290
"/home/dharon/watum/performance/report-new/content/css/dashboard.css", "PostCSS", 0, 0, 0, 0, 0, 0, 0, 0, 0, 0, 0, 0, -30, 0, 0, 0, 0, 0, 0, -16, -3, -49
"/home/dharon/watum/performance/report-new/content/css/jquery-ui.min.css", "PostCSS", 0, 0, 0, 0, 0, 0, 0, 0, 0, 0, 0, 0, -1, 0, 0, 0, 0, 0, 0, -5, -1, -7
"/home/dharon/watum/performance/report-new/content/css/jquery-ui.structure.min.css", "PostCSS", 0, 0, 0, 0, 0, 0, 0, 0, 0, 0, 0, 0, -1, 0, 0, 0, 0, 0, 0, -3, -1, -5
"/home/dharon/watum/performance/report-new/content/css/jquery-ui.theme.min.css", "PostCSS", 0, 0, 0, 0, 0, 0, 0, 0, 0, 0, 0, 0, -1, 0, 0, 0, 0, 0, 0, -3, -1, -5
"/home/dharon/watum/performance/report-new/content/css/legends.css", "PostCSS", 0, 0, 0, 0, 0, 0, 0, 0, 0, 0, 0, 0, -36, 0, 0, 0, 0, 0, 0, -17, -9, -62
"/home/dharon/watum/performance/report-new/content/css/theme.blue.css", "PostCSS", 0, 0, 0, 0, 0, 0, 0, 0, 0, 0, 0, 0, -179, 0, 0, 0, 0, 0, 0, -43, -12, -234
"/home/dharon/watum/performance/report-new/content/js/curvedLines.js", "JavaScript", 0, 0, 0, 0, 0, 0, -274, 0, 0, 0, 0, 0, 0, 0, 0, 0, 0, 0, 0, -134, -76, -484
"/home/dharon/watum/performance/report-new/content/js/customGraph.js", "JavaScript", 0, 0, 0, 0, 0, 0, -24, 0, 0, 0, 0, 0, 0, 0, 0, 0, 0, 0, 0, -16, -10, -50
"/home/dharon/watum/performance/report-new/content/js/dashboard-commons.js", "JavaScript", 0, 0, 0, 0, 0, 0, -299, 0, 0, 0, 0, 0, 0, 0, 0, 0, 0, 0, 0, -108, -55, -462
"/home/dharon/watum/performance/report-new/content/js/dashboard.js", "JavaScript", 0, 0, 0, 0, 0, 0, -166, 0, 0, 0, 0, 0, 0, 0, 0, 0, 0, 0, 0, -47, -23, -236
"/home/dharon/watum/performance/report-new/content/js/graph.js", "JavaScript", 0, 0, 0, 0, 0, 0, -1299, 0, 0, 0, 0, 0, 0, 0, 0, 0, 0, 0, 0, -70, -48, -1417
"/home/dharon/watum/performance/report-new/content/js/hashtable.js", "JavaScript", 0, 0, 0, 0, 0, 0, -298, 0, 0, 0, 0, 0, 0, 0, 0, 0, 0, 0, 0, -45, -59, -402
"/home/dharon/watum/performance/report-new/content/js/jquery-ui.min.js", "JavaScript", 0, 0, 0, 0, 0, 0, -8, 0, 0, 0, 0, 0, 0, 0, 0, 0, 0, 0, 0, -4, -1, -13
"/home/dharon/watum/performance/report-new/content/js/jquery.cookie.js", "JavaScript", 0, 0, 0, 0, 0, 0, -72, 0, 0, 0, 0, 0, 0, 0, 0, 0, 0, 0, 0, -22, -24, -118
"/home/dharon/watum/performance/report-new/content/js/jquery.flot.stack.js", "JavaScript", 0, 0, 0, 0, 0, 0, -30, 0, 0, 0, 0, 0, 0, 0, 0, 0, 0, 0, 0, -44, -10, -84
"/home/dharon/watum/performance/report-new/content/js/jquery.numberformatter-1.2.3.min.js", "JavaScript", 0, 0, 0, 0, 0, 0, -1, 0, 0, 0, 0, 0, 0, 0, 0, 0, 0, 0, 0, 0, 0, -1
"/home/dharon/watum/performance/report-new/content/js/jquery.tablesorter.min.js", "JavaScript", 0, 0, 0, 0, 0, 0, -2, 0, 0, 0, 0, 0, 0, 0, 0, 0, 0, 0, 0, 0, 0, -2
"/home/dharon/watum/performance/report-new/content/pages/CustomsGraphs.html", "HTML", 0, 0, 0, 0, 0, 0, 0, 0, 0, 0, 0, -124, 0, 0, 0, 0, 0, 0, 0, -21, -32, -177
"/home/dharon/watum/performance/report-new/content/pages/OverTime.html", "HTML", 0, 0, 0, 0, 0, 0, 0, 0, 0, 0, 0, -427, 0, 0, 0, 0, 0, 0, 0, -47, -39, -513
"/home/dharon/watum/performance/report-new/content/pages/ResponseTimes.html", "HTML", 0, 0, 0, 0, 0, 0, 0, 0, 0, 0, 0, -304, 0, 0, 0, 0, 0, 0, 0, -34, -36, -374
"/home/dharon/watum/performance/report-new/content/pages/Throughput.html", "HTML", 0, 0, 0, 0, 0, 0, 0, 0, 0, 0, 0, -391, 0, 0, 0, 0, 0, 0, 0, -37, -36, -464
"/home/dharon/watum/performance/report-new/index.html", "HTML", 0, 0, 0, 0, 0, 0, 0, 0, 0, 0, 0, -173, 0, 0, 0, 0, 0, 0, 0, -12, -19, -204
"/home/dharon/watum/performance/report-new/sbadmin2-1.0.7/README.md", "Markdown", 0, 0, 0, 0, -16, 0, 0, 0, 0, 0, 0, 0, 0, 0, 0, 0, 0, 0, 0, 0, -12, -28
"/home/dharon/watum/performance/report-new/sbadmin2-1.0.7/bower.json", "JSON", -39, 0, 0, 0, 0, 0, 0, 0, 0, 0, 0, 0, 0, 0, 0, 0, 0, 0, 0, 0, -1, -40
"/home/dharon/watum/performance/report-new/sbadmin2-1.0.7/bower_components/bootstrap/.bower.json", "JSON", -48, 0, 0, 0, 0, 0, 0, 0, 0, 0, 0, 0, 0, 0, 0, 0, 0, 0, 0, 0, 0, -48
"/home/dharon/watum/performance/report-new/sbadmin2-1.0.7/bower_components/bootstrap/README.md", "Markdown", 0, 0, 0, 0, -83, 0, 0, 0, 0, 0, 0, 0, 0, 0, 0, 0, 0, 0, 0, 0, -52, -135
"/home/dharon/watum/performance/report-new/sbadmin2-1.0.7/bower_components/bootstrap/dist/css/bootstrap.min.css", "PostCSS", 0, 0, 0, 0, 0, 0, 0, 0, 0, 0, 0, 0, -1, 0, 0, 0, 0, 0, 0, -5, 0, -6
"/home/dharon/watum/performance/report-new/sbadmin2-1.0.7/bower_components/bootstrap/dist/fonts/glyphicons-halflings-regular.svg", "XML", 0, 0, 0, 0, 0, 0, 0, 0, 0, 0, -288, 0, 0, 0, 0, 0, 0, 0, 0, 0, 0, -288
"/home/dharon/watum/performance/report-new/sbadmin2-1.0.7/bower_components/bootstrap/dist/js/bootstrap.min.js", "JavaScript", 0, 0, 0, 0, 0, 0, -2, 0, 0, 0, 0, 0, 0, 0, 0, 0, 0, 0, 0, -5, 0, -7
"/home/dharon/watum/performance/report-new/sbadmin2-1.0.7/bower_components/flot-axislabels/.bower.json", "JSON", -14, 0, 0, 0, 0, 0, 0, 0, 0, 0, 0, 0, 0, 0, 0, 0, 0, 0, 0, 0, 0, -14
"/home/dharon/watum/performance/report-new/sbadmin2-1.0.7/bower_components/flot-axislabels/README.md", "Markdown", 0, 0, 0, 0, -75, 0, 0, 0, 0, 0, 0, 0, 0, 0, 0, 0, 0, 0, 0, 0, -27, -102
"/home/dharon/watum/performance/report-new/sbadmin2-1.0.7/bower_components/flot-axislabels/jquery.flot.axislabels.js", "JavaScript", 0, 0, 0, 0, 0, 0, -354, 0, 0, 0, 0, 0, 0, 0, 0, 0, 0, 0, 0, -61, -52, -467
"/home/dharon/watum/performance/report-new/sbadmin2-1.0.7/bower_components/flot.tooltip/.bower.json", "JSON", -24, 0, 0, 0, 0, 0, 0, 0, 0, 0, 0, 0, 0, 0, 0, 0, 0, 0, 0, 0, 0, -24
"/home/dharon/watum/performance/report-new/sbadmin2-1.0.7/bower_components/flot.tooltip/bower.json", "JSON", -13, 0, 0, 0, 0, 0, 0, 0, 0, 0, 0, 0, 0, 0, 0, 0, 0, 0, 0, 0, 0, -13
"/home/dharon/watum/performance/report-new/sbadmin2-1.0.7/bower_components/flot.tooltip/js/excanvas.min.js", "JavaScript", 0, 0, 0, 0, 0, 0, -1, 0, 0, 0, 0, 0, 0, 0, 0, 0, 0, 0, 0, 0, 0, -1
"/home/dharon/watum/performance/report-new/sbadmin2-1.0.7/bower_components/flot.tooltip/js/jquery.flot.js", "JavaScript", 0, 0, 0, 0, 0, 0, -2239, 0, 0, 0, 0, 0, 0, 0, 0, 0, 0, 0, 0, -404, -526, -3169
"/home/dharon/watum/performance/report-new/sbadmin2-1.0.7/bower_components/flot.tooltip/js/jquery.flot.tooltip.js", "JavaScript", 0, 0, 0, 0, 0, 0, -332, 0, 0, 0, 0, 0, 0, 0, 0, 0, 0, 0, 0, -79, -80, -491
"/home/dharon/watum/performance/report-new/sbadmin2-1.0.7/bower_components/flot.tooltip/js/jquery.flot.tooltip.min.js", "JavaScript", 0, 0, 0, 0, 0, 0, -1, 0, 0, 0, 0, 0, 0, 0, 0, 0, 0, 0, 0, -11, 0, -12
"/home/dharon/watum/performance/report-new/sbadmin2-1.0.7/bower_components/flot.tooltip/js/jquery.flot.tooltip.source.js", "JavaScript", 0, 0, 0, 0, 0, 0, -332, 0, 0, 0, 0, 0, 0, 0, 0, 0, 0, 0, 0, -68, -80, -480
"/home/dharon/watum/performance/report-new/sbadmin2-1.0.7/bower_components/flot/.bower.json", "JSON", -19, 0, 0, 0, 0, 0, 0, 0, 0, 0, 0, 0, 0, 0, 0, 0, 0, 0, 0, 0, 0, -19
"/home/dharon/watum/performance/report-new/sbadmin2-1.0.7/bower_components/flot/.travis.yml", "YAML", 0, 0, 0, 0, 0, 0, 0, 0, 0, 0, 0, 0, 0, 0, -3, 0, 0, 0, 0, 0, -1, -4
"/home/dharon/watum/performance/report-new/sbadmin2-1.0.7/bower_components/flot/API.md", "Markdown", 0, 0, 0, 0, -1160, 0, 0, 0, 0, 0, 0, 0, 0, 0, 0, 0, 0, 0, 0, 0, -339, -1499
"/home/dharon/watum/performance/report-new/sbadmin2-1.0.7/bower_components/flot/CONTRIBUTING.md", "Markdown", 0, 0, 0, 0, -69, 0, 0, 0, 0, 0, 0, 0, 0, 0, 0, 0, 0, 0, 0, 0, -30, -99
"/home/dharon/watum/performance/report-new/sbadmin2-1.0.7/bower_components/flot/FAQ.md", "Markdown", 0, 0, 0, 0, -54, 0, 0, 0, 0, 0, 0, 0, 0, 0, 0, 0, 0, 0, 0, 0, -22, -76
"/home/dharon/watum/performance/report-new/sbadmin2-1.0.7/bower_components/flot/Makefile", "Makefile", 0, 0, 0, 0, 0, 0, 0, 0, 0, 0, 0, 0, 0, 0, 0, -6, 0, 0, 0, -2, -5, -13
"/home/dharon/watum/performance/report-new/sbadmin2-1.0.7/bower_components/flot/NEWS.md", "Markdown", 0, 0, 0, 0, -692, 0, 0, 0, 0, 0, 0, 0, 0, 0, 0, 0, 0, 0, 0, 0, -335, -1027
"/home/dharon/watum/performance/report-new/sbadmin2-1.0.7/bower_components/flot/PLUGINS.md", "Markdown", 0, 0, 0, 0, -109, 0, 0, 0, 0, 0, 0, 0, 0, 0, 0, 0, 0, 0, 0, 0, -35, -144
"/home/dharon/watum/performance/report-new/sbadmin2-1.0.7/bower_components/flot/README.md", "Markdown", 0, 0, 0, 0, -75, 0, 0, 0, 0, 0, 0, 0, 0, 0, 0, 0, 0, 0, 0, -1, -35, -111
"/home/dharon/watum/performance/report-new/sbadmin2-1.0.7/bower_components/flot/component.json", "JSON", -8, 0, 0, 0, 0, 0, 0, 0, 0, 0, 0, 0, 0, 0, 0, 0, 0, 0, 0, 0, -1, -9
"/home/dharon/watum/performance/report-new/sbadmin2-1.0.7/bower_components/flot/excanvas.js", "JavaScript", 0, 0, 0, 0, 0, 0, -1090, 0, 0, 0, 0, 0, 0, 0, 0, 0, 0, 0, 0, -151, -188, -1429
"/home/dharon/watum/performance/report-new/sbadmin2-1.0.7/bower_components/flot/excanvas.min.js", "JavaScript", 0, 0, 0, 0, 0, 0, -1, 0, 0, 0, 0, 0, 0, 0, 0, 0, 0, 0, 0, 0, 0, -1
"/home/dharon/watum/performance/report-new/sbadmin2-1.0.7/bower_components/flot/flot.jquery.json", "JSON", -27, 0, 0, 0, 0, 0, 0, 0, 0, 0, 0, 0, 0, 0, 0, 0, 0, 0, 0, 0, -1, -28
"/home/dharon/watum/performance/report-new/sbadmin2-1.0.7/bower_components/flot/jquery.colorhelpers.js", "JavaScript", 0, 0, 0, 0, 0, 0, -120, 0, 0, 0, 0, 0, 0, 0, 0, 0, 0, 0, 0, -38, -23, -181
"/home/dharon/watum/performance/report-new/sbadmin2-1.0.7/bower_components/flot/jquery.flot.canvas.js", "JavaScript", 0, 0, 0, 0, 0, 0, -175, 0, 0, 0, 0, 0, 0, 0, 0, 0, 0, 0, 0, -93, -78, -346
"/home/dharon/watum/performance/report-new/sbadmin2-1.0.7/bower_components/flot/jquery.flot.categories.js", "JavaScript", 0, 0, 0, 0, 0, 0, -109, 0, 0, 0, 0, 0, 0, 0, 0, 0, 0, 0, 0, -51, -31, -191
"/home/dharon/watum/performance/report-new/sbadmin2-1.0.7/bower_components/flot/jquery.flot.crosshair.js", "JavaScript", 0, 0, 0, 0, 0, 0, -94, 0, 0, 0, 0, 0, 0, 0, 0, 0, 0, 0, 0, -60, -23, -177
"/home/dharon/watum/performance/report-new/sbadmin2-1.0.7/bower_components/flot/jquery.flot.errorbars.js", "JavaScript", 0, 0, 0, 0, 0, 0, -221, 0, 0, 0, 0, 0, 0, 0, 0, 0, 0, 0, 0, -92, -41, -354
"/home/dharon/watum/performance/report-new/sbadmin2-1.0.7/bower_components/flot/jquery.flot.fillbetween.js", "JavaScript", 0, 0, 0, 0, 0, 0, -129, 0, 0, 0, 0, 0, 0, 0, 0, 0, 0, 0, 0, -42, -56, -227
"/home/dharon/watum/performance/report-new/sbadmin2-1.0.7/bower_components/flot/jquery.flot.image.js", "JavaScript", 0, 0, 0, 0, 0, 0, -147, 0, 0, 0, 0, 0, 0, 0, 0, 0, 0, 0, 0, -61, -34, -242
"/home/dharon/watum/performance/report-new/sbadmin2-1.0.7/bower_components/flot/jquery.flot.js", "JavaScript", 0, 0, 0, 0, 0, 0, -2239, 0, 0, 0, 0, 0, 0, 0, 0, 0, 0, 0, 0, -404, -526, -3169
"/home/dharon/watum/performance/report-new/sbadmin2-1.0.7/bower_components/flot/jquery.flot.navigate.js", "JavaScript", 0, 0, 0, 0, 0, 0, -199, 0, 0, 0, 0, 0, 0, 0, 0, 0, 0, 0, 0, -101, -47, -347
"/home/dharon/watum/performance/report-new/sbadmin2-1.0.7/bower_components/flot/jquery.flot.pie.js", "JavaScript", 0, 0, 0, 0, 0, 0, -526, 0, 0, 0, 0, 0, 0, 0, 0, 0, 0, 0, 0, -128, -167, -821
"/home/dharon/watum/performance/report-new/sbadmin2-1.0.7/bower_components/flot/jquery.flot.resize.js", "JavaScript", 0, 0, 0, 0, 0, 0, -28, 0, 0, 0, 0, 0, 0, 0, 0, 0, 0, 0, 0, -22, -10, -60
"/home/dharon/watum/performance/report-new/sbadmin2-1.0.7/bower_components/flot/jquery.flot.selection.js", "JavaScript", 0, 0, 0, 0, 0, 0, -208, 0, 0, 0, 0, 0, 0, 0, 0, 0, 0, 0, 0, -96, -57, -361
"/home/dharon/watum/performance/report-new/sbadmin2-1.0.7/bower_components/flot/jquery.flot.stack.js", "JavaScript", 0, 0, 0, 0, 0, 0, -118, 0, 0, 0, 0, 0, 0, 0, 0, 0, 0, 0, 0, -46, -25, -189
"/home/dharon/watum/performance/report-new/sbadmin2-1.0.7/bower_components/flot/jquery.flot.symbol.js", "JavaScript", 0, 0, 0, 0, 0, 0, -46, 0, 0, 0, 0, 0, 0, 0, 0, 0, 0, 0, 0, -20, -6, -72
"/home/dharon/watum/performance/report-new/sbadmin2-1.0.7/bower_components/flot/jquery.flot.threshold.js", "JavaScript", 0, 0, 0, 0, 0, 0, -79, 0, 0, 0, 0, 0, 0, 0, 0, 0, 0, 0, 0, -45, -19, -143
"/home/dharon/watum/performance/report-new/sbadmin2-1.0.7/bower_components/flot/jquery.flot.time.js", "JavaScript", 0, 0, 0, 0, 0, 0, -308, 0, 0, 0, 0, 0, 0, 0, 0, 0, 0, 0, 0, -44, -81, -433
"/home/dharon/watum/performance/report-new/sbadmin2-1.0.7/bower_components/flot/package.json", "JSON", -11, 0, 0, 0, 0, 0, 0, 0, 0, 0, 0, 0, 0, 0, 0, 0, 0, 0, 0, 0, -1, -12
"/home/dharon/watum/performance/report-new/sbadmin2-1.0.7/bower_components/font-awesome/.bower.json", "JSON", -36, 0, 0, 0, 0, 0, 0, 0, 0, 0, 0, 0, 0, 0, 0, 0, 0, 0, 0, 0, 0, -36
"/home/dharon/watum/performance/report-new/sbadmin2-1.0.7/bower_components/font-awesome/bower.json", "JSON", -23, 0, 0, 0, 0, 0, 0, 0, 0, 0, 0, 0, 0, 0, 0, 0, 0, 0, 0, 0, -1, -24
"/home/dharon/watum/performance/report-new/sbadmin2-1.0.7/bower_components/font-awesome/css/font-awesome.css", "PostCSS", 0, 0, 0, 0, 0, 0, 0, 0, 0, 0, 0, 0, -1663, 0, 0, 0, 0, 0, 0, -9, -1, -1673
"/home/dharon/watum/performance/report-new/sbadmin2-1.0.7/bower_components/font-awesome/css/font-awesome.min.css", "PostCSS", 0, 0, 0, 0, 0, 0, 0, 0, 0, 0, 0, 0, -1, 0, 0, 0, 0, 0, 0, -3, 0, -4
"/home/dharon/watum/performance/report-new/sbadmin2-1.0.7/bower_components/font-awesome/fonts/fontawesome-webfont.svg", "XML", 0, 0, 0, 0, 0, 0, 0, 0, 0, 0, -520, 0, 0, 0, 0, 0, 0, 0, 0, 0, 0, -520
"/home/dharon/watum/performance/report-new/sbadmin2-1.0.7/bower_components/font-awesome/less/bordered-pulled.less", "Less", 0, 0, 0, 0, 0, 0, 0, 0, 0, 0, 0, 0, 0, 0, 0, 0, -11, 0, 0, -2, -4, -17
"/home/dharon/watum/performance/report-new/sbadmin2-1.0.7/bower_components/font-awesome/less/core.less", "Less", 0, 0, 0, 0, 0, 0, 0, 0, 0, 0, 0, 0, 0, 0, 0, 0, -8, 0, 0, -2, -2, -12
"/home/dharon/watum/performance/report-new/sbadmin2-1.0.7/bower_components/font-awesome/less/extras.less", "Less", 0, 0, 0, 0, 0, 0, 0, 0, 0, 0, 0, 0, 0, 0, 0, 0, 0, 0, 0, -2, -1, -3
"/home/dharon/watum/performance/report-new/sbadmin2-1.0.7/bower_components/font-awesome/less/fixed-width.less", "Less", 0, 0, 0, 0, 0, 0, 0, 0, 0, 0, 0, 0, 0, 0, 0, 0, -4, 0, 0, -2, -1, -7
"/home/dharon/watum/performance/report-new/sbadmin2-1.0.7/bower_components/font-awesome/less/font-awesome.less", "Less", 0, 0, 0, 0, 0, 0, 0, 0, 0, 0, 0, 0, 0, 0, 0, 0, -12, 0, 0, -4, -2, -18
"/home/dharon/watum/performance/report-new/sbadmin2-1.0.7/bower_components/font-awesome/less/icons.less", "Less", 0, 0, 0, 0, 0, 0, 0, 0, 0, 0, 0, 0, 0, 0, 0, 0, -549, 0, 0, -2, -2, -553
"/home/dharon/watum/performance/report-new/sbadmin2-1.0.7/bower_components/font-awesome/less/larger.less", "Less", 0, 0, 0, 0, 0, 0, 0, 0, 0, 0, 0, 0, 0, 0, 0, 0, -9, 0, 0, -3, -2, -14
"/home/dharon/watum/performance/report-new/sbadmin2-1.0.7/bower_components/font-awesome/less/list.less", "Less", 0, 0, 0, 0, 0, 0, 0, 0, 0, 0, 0, 0, 0, 0, 0, 0, -16, 0, 0, -2, -2, -20
"/home/dharon/watum/performance/report-new/sbadmin2-1.0.7/bower_components/font-awesome/less/mixins.less", "Less", 0, 0, 0, 0, 0, 0, 0, 0, 0, 0, 0, 0, 0, 0, 0, 0, -20, 0, 0, -2, -4, -26
"/home/dharon/watum/performance/report-new/sbadmin2-1.0.7/bower_components/font-awesome/less/path.less", "Less", 0, 0, 0, 0, 0, 0, 0, 0, 0, 0, 0, 0, 0, 0, 0, 0, -10, 0, 0, -3, -2, -15
"/home/dharon/watum/performance/report-new/sbadmin2-1.0.7/bower_components/font-awesome/less/rotated-flipped.less", "Less", 0, 0, 0, 0, 0, 0, 0, 0, 0, 0, 0, 0, 0, 0, 0, 0, -12, 0, 0, -4, -5, -21
"/home/dharon/watum/performance/report-new/sbadmin2-1.0.7/bower_components/font-awesome/less/spinning.less", "Less", 0, 0, 0, 0, 0, 0, 0, 0, 0, 0, 0, 0, 0, 0, 0, 0, -24, 0, 0, -2, -4, -30
"/home/dharon/watum/performance/report-new/sbadmin2-1.0.7/bower_components/font-awesome/less/stacked.less", "Less", 0, 0, 0, 0, 0, 0, 0, 0, 0, 0, 0, 0, 0, 0, 0, 0, -17, 0, 0, -2, -2, -21
"/home/dharon/watum/performance/report-new/sbadmin2-1.0.7/bower_components/font-awesome/less/variables.less", "Less", 0, 0, 0, 0, 0, 0, 0, 0, 0, 0, 0, 0, 0, 0, 0, 0, -555, 0, 0, -3, -4, -562
"/home/dharon/watum/performance/report-new/sbadmin2-1.0.7/bower_components/font-awesome/scss/_bordered-pulled.scss", "SCSS", 0, 0, 0, 0, 0, 0, 0, 0, 0, 0, 0, 0, 0, 0, 0, 0, 0, -11, 0, -2, -4, -17
"/home/dharon/watum/performance/report-new/sbadmin2-1.0.7/bower_components/font-awesome/scss/_core.scss", "SCSS", 0, 0, 0, 0, 0, 0, 0, 0, 0, 0, 0, 0, 0, 0, 0, 0, 0, -8, 0, -2, -2, -12
"/home/dharon/watum/performance/report-new/sbadmin2-1.0.7/bower_components/font-awesome/scss/_extras.scss", "SCSS", 0, 0, 0, 0, 0, 0, 0, 0, 0, 0, 0, 0, 0, 0, 0, 0, 0, -31, 0, -6, -8, -45
"/home/dharon/watum/performance/report-new/sbadmin2-1.0.7/bower_components/font-awesome/scss/_fixed-width.scss", "SCSS", 0, 0, 0, 0, 0, 0, 0, 0, 0, 0, 0, 0, 0, 0, 0, 0, 0, -4, 0, -2, -1, -7
"/home/dharon/watum/performance/report-new/sbadmin2-1.0.7/bower_components/font-awesome/scss/_icons.scss", "SCSS", 0, 0, 0, 0, 0, 0, 0, 0, 0, 0, 0, 0, 0, 0, 0, 0, 0, -549, 0, -2, -2, -553
"/home/dharon/watum/performance/report-new/sbadmin2-1.0.7/bower_components/font-awesome/scss/_larger.scss", "SCSS", 0, 0, 0, 0, 0, 0, 0, 0, 0, 0, 0, 0, 0, 0, 0, 0, 0, -9, 0, -3, -2, -14
"/home/dharon/watum/performance/report-new/sbadmin2-1.0.7/bower_components/font-awesome/scss/_list.scss", "SCSS", 0, 0, 0, 0, 0, 0, 0, 0, 0, 0, 0, 0, 0, 0, 0, 0, 0, -16, 0, -2, -2, -20
"/home/dharon/watum/performance/report-new/sbadmin2-1.0.7/bower_components/font-awesome/scss/_mixins.scss", "SCSS", 0, 0, 0, 0, 0, 0, 0, 0, 0, 0, 0, 0, 0, 0, 0, 0, 0, -20, 0, -2, -4, -26
"/home/dharon/watum/performance/report-new/sbadmin2-1.0.7/bower_components/font-awesome/scss/_path.scss", "SCSS", 0, 0, 0, 0, 0, 0, 0, 0, 0, 0, 0, 0, 0, 0, 0, 0, 0, -10, 0, -3, -2, -15
"/home/dharon/watum/performance/report-new/sbadmin2-1.0.7/bower_components/font-awesome/scss/_rotated-flipped.scss", "SCSS", 0, 0, 0, 0, 0, 0, 0, 0, 0, 0, 0, 0, 0, 0, 0, 0, 0, -12, 0, -4, -5, -21
"/home/dharon/watum/performance/report-new/sbadmin2-1.0.7/bower_components/font-awesome/scss/_spinning.scss", "SCSS", 0, 0, 0, 0, 0, 0, 0, 0, 0, 0, 0, 0, 0, 0, 0, 0, 0, -24, 0, -2, -4, -30
"/home/dharon/watum/performance/report-new/sbadmin2-1.0.7/bower_components/font-awesome/scss/_stacked.scss", "SCSS", 0, 0, 0, 0, 0, 0, 0, 0, 0, 0, 0, 0, 0, 0, 0, 0, 0, -17, 0, -2, -2, -21
"/home/dharon/watum/performance/report-new/sbadmin2-1.0.7/bower_components/font-awesome/scss/_variables.scss", "SCSS", 0, 0, 0, 0, 0, 0, 0, 0, 0, 0, 0, 0, 0, 0, 0, 0, 0, -555, 0, -3, -4, -562
"/home/dharon/watum/performance/report-new/sbadmin2-1.0.7/bower_components/font-awesome/scss/font-awesome.scss", "SCSS", 0, 0, 0, 0, 0, 0, 0, 0, 0, 0, 0, 0, 0, 0, 0, 0, 0, -12, 0, -4, -2, -18
"/home/dharon/watum/performance/report-new/sbadmin2-1.0.7/bower_components/jquery/.bower.json", "JSON", -37, 0, 0, 0, 0, 0, 0, 0, 0, 0, 0, 0, 0, 0, 0, 0, 0, 0, 0, 0, 0, -37
"/home/dharon/watum/performance/report-new/sbadmin2-1.0.7/bower_components/jquery/bower.json", "JSON", -27, 0, 0, 0, 0, 0, 0, 0, 0, 0, 0, 0, 0, 0, 0, 0, 0, 0, 0, 0, -1, -28
"/home/dharon/watum/performance/report-new/sbadmin2-1.0.7/bower_components/jquery/dist/jquery.js", "JavaScript", 0, 0, 0, 0, 0, 0, -6689, 0, 0, 0, 0, 0, 0, 0, 0, 0, 0, 0, 0, -1725, -1951, -10365
"/home/dharon/watum/performance/report-new/sbadmin2-1.0.7/bower_components/jquery/dist/jquery.min.js", "JavaScript", 0, 0, 0, 0, 0, 0, -1, 0, 0, 0, 0, 0, 0, 0, 0, 0, 0, 0, 0, -1, -1, -3
"/home/dharon/watum/performance/report-new/sbadmin2-1.0.7/bower_components/jquery/dist/jquery.min.map", "Linker Map file", 0, 0, 0, 0, 0, 0, 0, 0, 0, 0, 0, 0, 0, -1, 0, 0, 0, 0, 0, 0, 0, -1
"/home/dharon/watum/performance/report-new/sbadmin2-1.0.7/bower_components/metisMenu/.bower.json", "JSON", -45, 0, 0, 0, 0, 0, 0, 0, 0, 0, 0, 0, 0, 0, 0, 0, 0, 0, 0, 0, 0, -45
"/home/dharon/watum/performance/report-new/sbadmin2-1.0.7/bower_components/metisMenu/README.md", "Markdown", 0, 0, 0, 0, -73, 0, 0, 0, 0, 0, 0, 0, 0, 0, 0, 0, 0, 0, 0, 0, -41, -114
"/home/dharon/watum/performance/report-new/sbadmin2-1.0.7/bower_components/metisMenu/dist/metisMenu.min.css", "PostCSS", 0, 0, 0, 0, 0, 0, 0, 0, 0, 0, 0, 0, -1, 0, 0, 0, 0, 0, 0, -8, -1, -10
"/home/dharon/watum/performance/report-new/sbadmin2-1.0.7/bower_components/metisMenu/dist/metisMenu.min.js", "JavaScript", 0, 0, 0, 0, 0, 0, -1, 0, 0, 0, 0, 0, 0, 0, 0, 0, 0, 0, 0, -8, 0, -9
"/home/dharon/watum/performance/report-new/sbadmin2-1.0.7/dist/css/sb-admin-2.css", "PostCSS", 0, 0, 0, 0, 0, 0, 0, 0, 0, 0, 0, 0, -356, 0, 0, 0, 0, 0, 0, -5, -71, -432
"/home/dharon/watum/performance/report-new/sbadmin2-1.0.7/dist/js/sb-admin-2.js", "JavaScript", 0, 0, 0, 0, 0, 0, -28, 0, 0, 0, 0, 0, 0, 0, 0, 0, 0, 0, 0, -3, -6, -37
"/home/dharon/watum/performance/report-new/sbadmin2-1.0.7/less/mixins.less", "Less", 0, 0, 0, 0, 0, 0, 0, 0, 0, 0, 0, 0, 0, 0, 0, 0, 0, 0, 0, -1, -1, -2
"/home/dharon/watum/performance/report-new/sbadmin2-1.0.7/less/sb-admin-2.less", "Less", 0, 0, 0, 0, 0, 0, 0, 0, 0, 0, 0, 0, 0, 0, 0, 0, -282, 0, 0, -13, -72, -367
"/home/dharon/watum/performance/report-new/sbadmin2-1.0.7/less/variables.less", "Less", 0, 0, 0, 0, 0, 0, 0, 0, 0, 0, 0, 0, 0, 0, 0, 0, -11, 0, 0, -1, -3, -15
"/home/dharon/watum/performance/report-new/statistics.json", "JSON", -354, 0, 0, 0, 0, 0, 0, 0, 0, 0, 0, 0, 0, 0, 0, 0, 0, 0, 0, 0, 0, -354
"/home/dharon/watum/performance/report/content/css/dashboard.css", "PostCSS", 0, 0, 0, 0, 0, 0, 0, 0, 0, 0, 0, 0, -30, 0, 0, 0, 0, 0, 0, -16, -3, -49
"/home/dharon/watum/performance/report/content/css/jquery-ui.min.css", "PostCSS", 0, 0, 0, 0, 0, 0, 0, 0, 0, 0, 0, 0, -1, 0, 0, 0, 0, 0, 0, -5, -1, -7
"/home/dharon/watum/performance/report/content/css/jquery-ui.structure.min.css", "PostCSS", 0, 0, 0, 0, 0, 0, 0, 0, 0, 0, 0, 0, -1, 0, 0, 0, 0, 0, 0, -3, -1, -5
"/home/dharon/watum/performance/report/content/css/jquery-ui.theme.min.css", "PostCSS", 0, 0, 0, 0, 0, 0, 0, 0, 0, 0, 0, 0, -1, 0, 0, 0, 0, 0, 0, -3, -1, -5
"/home/dharon/watum/performance/report/content/css/legends.css", "PostCSS", 0, 0, 0, 0, 0, 0, 0, 0, 0, 0, 0, 0, -36, 0, 0, 0, 0, 0, 0, -17, -9, -62
"/home/dharon/watum/performance/report/content/css/theme.blue.css", "PostCSS", 0, 0, 0, 0, 0, 0, 0, 0, 0, 0, 0, 0, -179, 0, 0, 0, 0, 0, 0, -43, -12, -234
"/home/dharon/watum/performance/report/content/js/curvedLines.js", "JavaScript", 0, 0, 0, 0, 0, 0, -274, 0, 0, 0, 0, 0, 0, 0, 0, 0, 0, 0, 0, -134, -76, -484
"/home/dharon/watum/performance/report/content/js/customGraph.js", "JavaScript", 0, 0, 0, 0, 0, 0, -24, 0, 0, 0, 0, 0, 0, 0, 0, 0, 0, 0, 0, -16, -10, -50
"/home/dharon/watum/performance/report/content/js/dashboard-commons.js", "JavaScript", 0, 0, 0, 0, 0, 0, -299, 0, 0, 0, 0, 0, 0, 0, 0, 0, 0, 0, 0, -108, -55, -462
"/home/dharon/watum/performance/report/content/js/dashboard.js", "JavaScript", 0, 0, 0, 0, 0, 0, -166, 0, 0, 0, 0, 0, 0, 0, 0, 0, 0, 0, 0, -47, -23, -236
"/home/dharon/watum/performance/report/content/js/graph.js", "JavaScript", 0, 0, 0, 0, 0, 0, -1299, 0, 0, 0, 0, 0, 0, 0, 0, 0, 0, 0, 0, -70, -48, -1417
"/home/dharon/watum/performance/report/content/js/hashtable.js", "JavaScript", 0, 0, 0, 0, 0, 0, -298, 0, 0, 0, 0, 0, 0, 0, 0, 0, 0, 0, 0, -45, -59, -402
"/home/dharon/watum/performance/report/content/js/jquery-ui.min.js", "JavaScript", 0, 0, 0, 0, 0, 0, -8, 0, 0, 0, 0, 0, 0, 0, 0, 0, 0, 0, 0, -4, -1, -13
"/home/dharon/watum/performance/report/content/js/jquery.cookie.js", "JavaScript", 0, 0, 0, 0, 0, 0, -72, 0, 0, 0, 0, 0, 0, 0, 0, 0, 0, 0, 0, -22, -24, -118
"/home/dharon/watum/performance/report/content/js/jquery.flot.stack.js", "JavaScript", 0, 0, 0, 0, 0, 0, -30, 0, 0, 0, 0, 0, 0, 0, 0, 0, 0, 0, 0, -44, -10, -84
"/home/dharon/watum/performance/report/content/js/jquery.numberformatter-1.2.3.min.js", "JavaScript", 0, 0, 0, 0, 0, 0, -1, 0, 0, 0, 0, 0, 0, 0, 0, 0, 0, 0, 0, 0, 0, -1
"/home/dharon/watum/performance/report/content/js/jquery.tablesorter.min.js", "JavaScript", 0, 0, 0, 0, 0, 0, -2, 0, 0, 0, 0, 0, 0, 0, 0, 0, 0, 0, 0, 0, 0, -2
"/home/dharon/watum/performance/report/content/pages/CustomsGraphs.html", "HTML", 0, 0, 0, 0, 0, 0, 0, 0, 0, 0, 0, -124, 0, 0, 0, 0, 0, 0, 0, -21, -32, -177
"/home/dharon/watum/performance/report/content/pages/OverTime.html", "HTML", 0, 0, 0, 0, 0, 0, 0, 0, 0, 0, 0, -427, 0, 0, 0, 0, 0, 0, 0, -47, -39, -513
"/home/dharon/watum/performance/report/content/pages/ResponseTimes.html", "HTML", 0, 0, 0, 0, 0, 0, 0, 0, 0, 0, 0, -304, 0, 0, 0, 0, 0, 0, 0, -34, -36, -374
"/home/dharon/watum/performance/report/content/pages/Throughput.html", "HTML", 0, 0, 0, 0, 0, 0, 0, 0, 0, 0, 0, -391, 0, 0, 0, 0, 0, 0, 0, -37, -36, -464
"/home/dharon/watum/performance/report/index.html", "HTML", 0, 0, 0, 0, 0, 0, 0, 0, 0, 0, 0, -173, 0, 0, 0, 0, 0, 0, 0, -12, -19, -204
"/home/dharon/watum/performance/report/sbadmin2-1.0.7/README.md", "Markdown", 0, 0, 0, 0, -16, 0, 0, 0, 0, 0, 0, 0, 0, 0, 0, 0, 0, 0, 0, 0, -12, -28
"/home/dharon/watum/performance/report/sbadmin2-1.0.7/bower.json", "JSON", -39, 0, 0, 0, 0, 0, 0, 0, 0, 0, 0, 0, 0, 0, 0, 0, 0, 0, 0, 0, -1, -40
"/home/dharon/watum/performance/report/sbadmin2-1.0.7/bower_components/bootstrap/.bower.json", "JSON", -48, 0, 0, 0, 0, 0, 0, 0, 0, 0, 0, 0, 0, 0, 0, 0, 0, 0, 0, 0, 0, -48
"/home/dharon/watum/performance/report/sbadmin2-1.0.7/bower_components/bootstrap/README.md", "Markdown", 0, 0, 0, 0, -83, 0, 0, 0, 0, 0, 0, 0, 0, 0, 0, 0, 0, 0, 0, 0, -52, -135
"/home/dharon/watum/performance/report/sbadmin2-1.0.7/bower_components/bootstrap/dist/css/bootstrap.min.css", "PostCSS", 0, 0, 0, 0, 0, 0, 0, 0, 0, 0, 0, 0, -1, 0, 0, 0, 0, 0, 0, -5, 0, -6
"/home/dharon/watum/performance/report/sbadmin2-1.0.7/bower_components/bootstrap/dist/fonts/glyphicons-halflings-regular.svg", "XML", 0, 0, 0, 0, 0, 0, 0, 0, 0, 0, -288, 0, 0, 0, 0, 0, 0, 0, 0, 0, 0, -288
"/home/dharon/watum/performance/report/sbadmin2-1.0.7/bower_components/bootstrap/dist/js/bootstrap.min.js", "JavaScript", 0, 0, 0, 0, 0, 0, -2, 0, 0, 0, 0, 0, 0, 0, 0, 0, 0, 0, 0, -5, 0, -7
"/home/dharon/watum/performance/report/sbadmin2-1.0.7/bower_components/flot-axislabels/.bower.json", "JSON", -14, 0, 0, 0, 0, 0, 0, 0, 0, 0, 0, 0, 0, 0, 0, 0, 0, 0, 0, 0, 0, -14
"/home/dharon/watum/performance/report/sbadmin2-1.0.7/bower_components/flot-axislabels/README.md", "Markdown", 0, 0, 0, 0, -75, 0, 0, 0, 0, 0, 0, 0, 0, 0, 0, 0, 0, 0, 0, 0, -27, -102
"/home/dharon/watum/performance/report/sbadmin2-1.0.7/bower_components/flot-axislabels/jquery.flot.axislabels.js", "JavaScript", 0, 0, 0, 0, 0, 0, -354, 0, 0, 0, 0, 0, 0, 0, 0, 0, 0, 0, 0, -61, -52, -467
"/home/dharon/watum/performance/report/sbadmin2-1.0.7/bower_components/flot.tooltip/.bower.json", "JSON", -24, 0, 0, 0, 0, 0, 0, 0, 0, 0, 0, 0, 0, 0, 0, 0, 0, 0, 0, 0, 0, -24
"/home/dharon/watum/performance/report/sbadmin2-1.0.7/bower_components/flot.tooltip/bower.json", "JSON", -13, 0, 0, 0, 0, 0, 0, 0, 0, 0, 0, 0, 0, 0, 0, 0, 0, 0, 0, 0, 0, -13
"/home/dharon/watum/performance/report/sbadmin2-1.0.7/bower_components/flot.tooltip/js/excanvas.min.js", "JavaScript", 0, 0, 0, 0, 0, 0, -1, 0, 0, 0, 0, 0, 0, 0, 0, 0, 0, 0, 0, 0, 0, -1
"/home/dharon/watum/performance/report/sbadmin2-1.0.7/bower_components/flot.tooltip/js/jquery.flot.js", "JavaScript", 0, 0, 0, 0, 0, 0, -2239, 0, 0, 0, 0, 0, 0, 0, 0, 0, 0, 0, 0, -404, -526, -3169
"/home/dharon/watum/performance/report/sbadmin2-1.0.7/bower_components/flot.tooltip/js/jquery.flot.tooltip.js", "JavaScript", 0, 0, 0, 0, 0, 0, -332, 0, 0, 0, 0, 0, 0, 0, 0, 0, 0, 0, 0, -79, -80, -491
"/home/dharon/watum/performance/report/sbadmin2-1.0.7/bower_components/flot.tooltip/js/jquery.flot.tooltip.min.js", "JavaScript", 0, 0, 0, 0, 0, 0, -1, 0, 0, 0, 0, 0, 0, 0, 0, 0, 0, 0, 0, -11, 0, -12
"/home/dharon/watum/performance/report/sbadmin2-1.0.7/bower_components/flot.tooltip/js/jquery.flot.tooltip.source.js", "JavaScript", 0, 0, 0, 0, 0, 0, -332, 0, 0, 0, 0, 0, 0, 0, 0, 0, 0, 0, 0, -68, -80, -480
"/home/dharon/watum/performance/report/sbadmin2-1.0.7/bower_components/flot/.bower.json", "JSON", -19, 0, 0, 0, 0, 0, 0, 0, 0, 0, 0, 0, 0, 0, 0, 0, 0, 0, 0, 0, 0, -19
"/home/dharon/watum/performance/report/sbadmin2-1.0.7/bower_components/flot/.travis.yml", "YAML", 0, 0, 0, 0, 0, 0, 0, 0, 0, 0, 0, 0, 0, 0, -3, 0, 0, 0, 0, 0, -1, -4
"/home/dharon/watum/performance/report/sbadmin2-1.0.7/bower_components/flot/API.md", "Markdown", 0, 0, 0, 0, -1160, 0, 0, 0, 0, 0, 0, 0, 0, 0, 0, 0, 0, 0, 0, 0, -339, -1499
"/home/dharon/watum/performance/report/sbadmin2-1.0.7/bower_components/flot/CONTRIBUTING.md", "Markdown", 0, 0, 0, 0, -69, 0, 0, 0, 0, 0, 0, 0, 0, 0, 0, 0, 0, 0, 0, 0, -30, -99
"/home/dharon/watum/performance/report/sbadmin2-1.0.7/bower_components/flot/FAQ.md", "Markdown", 0, 0, 0, 0, -54, 0, 0, 0, 0, 0, 0, 0, 0, 0, 0, 0, 0, 0, 0, 0, -22, -76
"/home/dharon/watum/performance/report/sbadmin2-1.0.7/bower_components/flot/Makefile", "Makefile", 0, 0, 0, 0, 0, 0, 0, 0, 0, 0, 0, 0, 0, 0, 0, -6, 0, 0, 0, -2, -5, -13
"/home/dharon/watum/performance/report/sbadmin2-1.0.7/bower_components/flot/NEWS.md", "Markdown", 0, 0, 0, 0, -692, 0, 0, 0, 0, 0, 0, 0, 0, 0, 0, 0, 0, 0, 0, 0, -335, -1027
"/home/dharon/watum/performance/report/sbadmin2-1.0.7/bower_components/flot/PLUGINS.md", "Markdown", 0, 0, 0, 0, -109, 0, 0, 0, 0, 0, 0, 0, 0, 0, 0, 0, 0, 0, 0, 0, -35, -144
"/home/dharon/watum/performance/report/sbadmin2-1.0.7/bower_components/flot/README.md", "Markdown", 0, 0, 0, 0, -75, 0, 0, 0, 0, 0, 0, 0, 0, 0, 0, 0, 0, 0, 0, -1, -35, -111
"/home/dharon/watum/performance/report/sbadmin2-1.0.7/bower_components/flot/component.json", "JSON", -8, 0, 0, 0, 0, 0, 0, 0, 0, 0, 0, 0, 0, 0, 0, 0, 0, 0, 0, 0, -1, -9
"/home/dharon/watum/performance/report/sbadmin2-1.0.7/bower_components/flot/excanvas.js", "JavaScript", 0, 0, 0, 0, 0, 0, -1090, 0, 0, 0, 0, 0, 0, 0, 0, 0, 0, 0, 0, -151, -188, -1429
"/home/dharon/watum/performance/report/sbadmin2-1.0.7/bower_components/flot/excanvas.min.js", "JavaScript", 0, 0, 0, 0, 0, 0, -1, 0, 0, 0, 0, 0, 0, 0, 0, 0, 0, 0, 0, 0, 0, -1
"/home/dharon/watum/performance/report/sbadmin2-1.0.7/bower_components/flot/flot.jquery.json", "JSON", -27, 0, 0, 0, 0, 0, 0, 0, 0, 0, 0, 0, 0, 0, 0, 0, 0, 0, 0, 0, -1, -28
"/home/dharon/watum/performance/report/sbadmin2-1.0.7/bower_components/flot/jquery.colorhelpers.js", "JavaScript", 0, 0, 0, 0, 0, 0, -120, 0, 0, 0, 0, 0, 0, 0, 0, 0, 0, 0, 0, -38, -23, -181
"/home/dharon/watum/performance/report/sbadmin2-1.0.7/bower_components/flot/jquery.flot.canvas.js", "JavaScript", 0, 0, 0, 0, 0, 0, -175, 0, 0, 0, 0, 0, 0, 0, 0, 0, 0, 0, 0, -93, -78, -346
"/home/dharon/watum/performance/report/sbadmin2-1.0.7/bower_components/flot/jquery.flot.categories.js", "JavaScript", 0, 0, 0, 0, 0, 0, -109, 0, 0, 0, 0, 0, 0, 0, 0, 0, 0, 0, 0, -51, -31, -191
"/home/dharon/watum/performance/report/sbadmin2-1.0.7/bower_components/flot/jquery.flot.crosshair.js", "JavaScript", 0, 0, 0, 0, 0, 0, -94, 0, 0, 0, 0, 0, 0, 0, 0, 0, 0, 0, 0, -60, -23, -177
"/home/dharon/watum/performance/report/sbadmin2-1.0.7/bower_components/flot/jquery.flot.errorbars.js", "JavaScript", 0, 0, 0, 0, 0, 0, -221, 0, 0, 0, 0, 0, 0, 0, 0, 0, 0, 0, 0, -92, -41, -354
"/home/dharon/watum/performance/report/sbadmin2-1.0.7/bower_components/flot/jquery.flot.fillbetween.js", "JavaScript", 0, 0, 0, 0, 0, 0, -129, 0, 0, 0, 0, 0, 0, 0, 0, 0, 0, 0, 0, -42, -56, -227
"/home/dharon/watum/performance/report/sbadmin2-1.0.7/bower_components/flot/jquery.flot.image.js", "JavaScript", 0, 0, 0, 0, 0, 0, -147, 0, 0, 0, 0, 0, 0, 0, 0, 0, 0, 0, 0, -61, -34, -242
"/home/dharon/watum/performance/report/sbadmin2-1.0.7/bower_components/flot/jquery.flot.js", "JavaScript", 0, 0, 0, 0, 0, 0, -2239, 0, 0, 0, 0, 0, 0, 0, 0, 0, 0, 0, 0, -404, -526, -3169
"/home/dharon/watum/performance/report/sbadmin2-1.0.7/bower_components/flot/jquery.flot.navigate.js", "JavaScript", 0, 0, 0, 0, 0, 0, -199, 0, 0, 0, 0, 0, 0, 0, 0, 0, 0, 0, 0, -101, -47, -347
"/home/dharon/watum/performance/report/sbadmin2-1.0.7/bower_components/flot/jquery.flot.pie.js", "JavaScript", 0, 0, 0, 0, 0, 0, -526, 0, 0, 0, 0, 0, 0, 0, 0, 0, 0, 0, 0, -128, -167, -821
"/home/dharon/watum/performance/report/sbadmin2-1.0.7/bower_components/flot/jquery.flot.resize.js", "JavaScript", 0, 0, 0, 0, 0, 0, -28, 0, 0, 0, 0, 0, 0, 0, 0, 0, 0, 0, 0, -22, -10, -60
"/home/dharon/watum/performance/report/sbadmin2-1.0.7/bower_components/flot/jquery.flot.selection.js", "JavaScript", 0, 0, 0, 0, 0, 0, -208, 0, 0, 0, 0, 0, 0, 0, 0, 0, 0, 0, 0, -96, -57, -361
"/home/dharon/watum/performance/report/sbadmin2-1.0.7/bower_components/flot/jquery.flot.stack.js", "JavaScript", 0, 0, 0, 0, 0, 0, -118, 0, 0, 0, 0, 0, 0, 0, 0, 0, 0, 0, 0, -46, -25, -189
"/home/dharon/watum/performance/report/sbadmin2-1.0.7/bower_components/flot/jquery.flot.symbol.js", "JavaScript", 0, 0, 0, 0, 0, 0, -46, 0, 0, 0, 0, 0, 0, 0, 0, 0, 0, 0, 0, -20, -6, -72
"/home/dharon/watum/performance/report/sbadmin2-1.0.7/bower_components/flot/jquery.flot.threshold.js", "JavaScript", 0, 0, 0, 0, 0, 0, -79, 0, 0, 0, 0, 0, 0, 0, 0, 0, 0, 0, 0, -45, -19, -143
"/home/dharon/watum/performance/report/sbadmin2-1.0.7/bower_components/flot/jquery.flot.time.js", "JavaScript", 0, 0, 0, 0, 0, 0, -308, 0, 0, 0, 0, 0, 0, 0, 0, 0, 0, 0, 0, -44, -81, -433
"/home/dharon/watum/performance/report/sbadmin2-1.0.7/bower_components/flot/package.json", "JSON", -11, 0, 0, 0, 0, 0, 0, 0, 0, 0, 0, 0, 0, 0, 0, 0, 0, 0, 0, 0, -1, -12
"/home/dharon/watum/performance/report/sbadmin2-1.0.7/bower_components/font-awesome/.bower.json", "JSON", -36, 0, 0, 0, 0, 0, 0, 0, 0, 0, 0, 0, 0, 0, 0, 0, 0, 0, 0, 0, 0, -36
"/home/dharon/watum/performance/report/sbadmin2-1.0.7/bower_components/font-awesome/bower.json", "JSON", -23, 0, 0, 0, 0, 0, 0, 0, 0, 0, 0, 0, 0, 0, 0, 0, 0, 0, 0, 0, -1, -24
"/home/dharon/watum/performance/report/sbadmin2-1.0.7/bower_components/font-awesome/css/font-awesome.css", "PostCSS", 0, 0, 0, 0, 0, 0, 0, 0, 0, 0, 0, 0, -1663, 0, 0, 0, 0, 0, 0, -9, -1, -1673
"/home/dharon/watum/performance/report/sbadmin2-1.0.7/bower_components/font-awesome/css/font-awesome.min.css", "PostCSS", 0, 0, 0, 0, 0, 0, 0, 0, 0, 0, 0, 0, -1, 0, 0, 0, 0, 0, 0, -3, 0, -4
"/home/dharon/watum/performance/report/sbadmin2-1.0.7/bower_components/font-awesome/fonts/fontawesome-webfont.svg", "XML", 0, 0, 0, 0, 0, 0, 0, 0, 0, 0, -520, 0, 0, 0, 0, 0, 0, 0, 0, 0, 0, -520
"/home/dharon/watum/performance/report/sbadmin2-1.0.7/bower_components/font-awesome/less/bordered-pulled.less", "Less", 0, 0, 0, 0, 0, 0, 0, 0, 0, 0, 0, 0, 0, 0, 0, 0, -11, 0, 0, -2, -4, -17
"/home/dharon/watum/performance/report/sbadmin2-1.0.7/bower_components/font-awesome/less/core.less", "Less", 0, 0, 0, 0, 0, 0, 0, 0, 0, 0, 0, 0, 0, 0, 0, 0, -8, 0, 0, -2, -2, -12
"/home/dharon/watum/performance/report/sbadmin2-1.0.7/bower_components/font-awesome/less/extras.less", "Less", 0, 0, 0, 0, 0, 0, 0, 0, 0, 0, 0, 0, 0, 0, 0, 0, 0, 0, 0, -2, -1, -3
"/home/dharon/watum/performance/report/sbadmin2-1.0.7/bower_components/font-awesome/less/fixed-width.less", "Less", 0, 0, 0, 0, 0, 0, 0, 0, 0, 0, 0, 0, 0, 0, 0, 0, -4, 0, 0, -2, -1, -7
"/home/dharon/watum/performance/report/sbadmin2-1.0.7/bower_components/font-awesome/less/font-awesome.less", "Less", 0, 0, 0, 0, 0, 0, 0, 0, 0, 0, 0, 0, 0, 0, 0, 0, -12, 0, 0, -4, -2, -18
"/home/dharon/watum/performance/report/sbadmin2-1.0.7/bower_components/font-awesome/less/icons.less", "Less", 0, 0, 0, 0, 0, 0, 0, 0, 0, 0, 0, 0, 0, 0, 0, 0, -549, 0, 0, -2, -2, -553
"/home/dharon/watum/performance/report/sbadmin2-1.0.7/bower_components/font-awesome/less/larger.less", "Less", 0, 0, 0, 0, 0, 0, 0, 0, 0, 0, 0, 0, 0, 0, 0, 0, -9, 0, 0, -3, -2, -14
"/home/dharon/watum/performance/report/sbadmin2-1.0.7/bower_components/font-awesome/less/list.less", "Less", 0, 0, 0, 0, 0, 0, 0, 0, 0, 0, 0, 0, 0, 0, 0, 0, -16, 0, 0, -2, -2, -20
"/home/dharon/watum/performance/report/sbadmin2-1.0.7/bower_components/font-awesome/less/mixins.less", "Less", 0, 0, 0, 0, 0, 0, 0, 0, 0, 0, 0, 0, 0, 0, 0, 0, -20, 0, 0, -2, -4, -26
"/home/dharon/watum/performance/report/sbadmin2-1.0.7/bower_components/font-awesome/less/path.less", "Less", 0, 0, 0, 0, 0, 0, 0, 0, 0, 0, 0, 0, 0, 0, 0, 0, -10, 0, 0, -3, -2, -15
"/home/dharon/watum/performance/report/sbadmin2-1.0.7/bower_components/font-awesome/less/rotated-flipped.less", "Less", 0, 0, 0, 0, 0, 0, 0, 0, 0, 0, 0, 0, 0, 0, 0, 0, -12, 0, 0, -4, -5, -21
"/home/dharon/watum/performance/report/sbadmin2-1.0.7/bower_components/font-awesome/less/spinning.less", "Less", 0, 0, 0, 0, 0, 0, 0, 0, 0, 0, 0, 0, 0, 0, 0, 0, -24, 0, 0, -2, -4, -30
"/home/dharon/watum/performance/report/sbadmin2-1.0.7/bower_components/font-awesome/less/stacked.less", "Less", 0, 0, 0, 0, 0, 0, 0, 0, 0, 0, 0, 0, 0, 0, 0, 0, -17, 0, 0, -2, -2, -21
"/home/dharon/watum/performance/report/sbadmin2-1.0.7/bower_components/font-awesome/less/variables.less", "Less", 0, 0, 0, 0, 0, 0, 0, 0, 0, 0, 0, 0, 0, 0, 0, 0, -555, 0, 0, -3, -4, -562
"/home/dharon/watum/performance/report/sbadmin2-1.0.7/bower_components/font-awesome/scss/_bordered-pulled.scss", "SCSS", 0, 0, 0, 0, 0, 0, 0, 0, 0, 0, 0, 0, 0, 0, 0, 0, 0, -11, 0, -2, -4, -17
"/home/dharon/watum/performance/report/sbadmin2-1.0.7/bower_components/font-awesome/scss/_core.scss", "SCSS", 0, 0, 0, 0, 0, 0, 0, 0, 0, 0, 0, 0, 0, 0, 0, 0, 0, -8, 0, -2, -2, -12
"/home/dharon/watum/performance/report/sbadmin2-1.0.7/bower_components/font-awesome/scss/_extras.scss", "SCSS", 0, 0, 0, 0, 0, 0, 0, 0, 0, 0, 0, 0, 0, 0, 0, 0, 0, -31, 0, -6, -8, -45
"/home/dharon/watum/performance/report/sbadmin2-1.0.7/bower_components/font-awesome/scss/_fixed-width.scss", "SCSS", 0, 0, 0, 0, 0, 0, 0, 0, 0, 0, 0, 0, 0, 0, 0, 0, 0, -4, 0, -2, -1, -7
"/home/dharon/watum/performance/report/sbadmin2-1.0.7/bower_components/font-awesome/scss/_icons.scss", "SCSS", 0, 0, 0, 0, 0, 0, 0, 0, 0, 0, 0, 0, 0, 0, 0, 0, 0, -549, 0, -2, -2, -553
"/home/dharon/watum/performance/report/sbadmin2-1.0.7/bower_components/font-awesome/scss/_larger.scss", "SCSS", 0, 0, 0, 0, 0, 0, 0, 0, 0, 0, 0, 0, 0, 0, 0, 0, 0, -9, 0, -3, -2, -14
"/home/dharon/watum/performance/report/sbadmin2-1.0.7/bower_components/font-awesome/scss/_list.scss", "SCSS", 0, 0, 0, 0, 0, 0, 0, 0, 0, 0, 0, 0, 0, 0, 0, 0, 0, -16, 0, -2, -2, -20
"/home/dharon/watum/performance/report/sbadmin2-1.0.7/bower_components/font-awesome/scss/_mixins.scss", "SCSS", 0, 0, 0, 0, 0, 0, 0, 0, 0, 0, 0, 0, 0, 0, 0, 0, 0, -20, 0, -2, -4, -26
"/home/dharon/watum/performance/report/sbadmin2-1.0.7/bower_components/font-awesome/scss/_path.scss", "SCSS", 0, 0, 0, 0, 0, 0, 0, 0, 0, 0, 0, 0, 0, 0, 0, 0, 0, -10, 0, -3, -2, -15
"/home/dharon/watum/performance/report/sbadmin2-1.0.7/bower_components/font-awesome/scss/_rotated-flipped.scss", "SCSS", 0, 0, 0, 0, 0, 0, 0, 0, 0, 0, 0, 0, 0, 0, 0, 0, 0, -12, 0, -4, -5, -21
"/home/dharon/watum/performance/report/sbadmin2-1.0.7/bower_components/font-awesome/scss/_spinning.scss", "SCSS", 0, 0, 0, 0, 0, 0, 0, 0, 0, 0, 0, 0, 0, 0, 0, 0, 0, -24, 0, -2, -4, -30
"/home/dharon/watum/performance/report/sbadmin2-1.0.7/bower_components/font-awesome/scss/_stacked.scss", "SCSS", 0, 0, 0, 0, 0, 0, 0, 0, 0, 0, 0, 0, 0, 0, 0, 0, 0, -17, 0, -2, -2, -21
"/home/dharon/watum/performance/report/sbadmin2-1.0.7/bower_components/font-awesome/scss/_variables.scss", "SCSS", 0, 0, 0, 0, 0, 0, 0, 0, 0, 0, 0, 0, 0, 0, 0, 0, 0, -555, 0, -3, -4, -562
"/home/dharon/watum/performance/report/sbadmin2-1.0.7/bower_components/font-awesome/scss/font-awesome.scss", "SCSS", 0, 0, 0, 0, 0, 0, 0, 0, 0, 0, 0, 0, 0, 0, 0, 0, 0, -12, 0, -4, -2, -18
"/home/dharon/watum/performance/report/sbadmin2-1.0.7/bower_components/jquery/.bower.json", "JSON", -37, 0, 0, 0, 0, 0, 0, 0, 0, 0, 0, 0, 0, 0, 0, 0, 0, 0, 0, 0, 0, -37
"/home/dharon/watum/performance/report/sbadmin2-1.0.7/bower_components/jquery/bower.json", "JSON", -27, 0, 0, 0, 0, 0, 0, 0, 0, 0, 0, 0, 0, 0, 0, 0, 0, 0, 0, 0, -1, -28
"/home/dharon/watum/performance/report/sbadmin2-1.0.7/bower_components/jquery/dist/jquery.js", "JavaScript", 0, 0, 0, 0, 0, 0, -6689, 0, 0, 0, 0, 0, 0, 0, 0, 0, 0, 0, 0, -1725, -1951, -10365
"/home/dharon/watum/performance/report/sbadmin2-1.0.7/bower_components/jquery/dist/jquery.min.js", "JavaScript", 0, 0, 0, 0, 0, 0, -1, 0, 0, 0, 0, 0, 0, 0, 0, 0, 0, 0, 0, -1, -1, -3
"/home/dharon/watum/performance/report/sbadmin2-1.0.7/bower_components/jquery/dist/jquery.min.map", "Linker Map file", 0, 0, 0, 0, 0, 0, 0, 0, 0, 0, 0, 0, 0, -1, 0, 0, 0, 0, 0, 0, 0, -1
"/home/dharon/watum/performance/report/sbadmin2-1.0.7/bower_components/metisMenu/.bower.json", "JSON", -45, 0, 0, 0, 0, 0, 0, 0, 0, 0, 0, 0, 0, 0, 0, 0, 0, 0, 0, 0, 0, -45
"/home/dharon/watum/performance/report/sbadmin2-1.0.7/bower_components/metisMenu/README.md", "Markdown", 0, 0, 0, 0, -73, 0, 0, 0, 0, 0, 0, 0, 0, 0, 0, 0, 0, 0, 0, 0, -41, -114
"/home/dharon/watum/performance/report/sbadmin2-1.0.7/bower_components/metisMenu/dist/metisMenu.min.css", "PostCSS", 0, 0, 0, 0, 0, 0, 0, 0, 0, 0, 0, 0, -1, 0, 0, 0, 0, 0, 0, -8, -1, -10
"/home/dharon/watum/performance/report/sbadmin2-1.0.7/bower_components/metisMenu/dist/metisMenu.min.js", "JavaScript", 0, 0, 0, 0, 0, 0, -1, 0, 0, 0, 0, 0, 0, 0, 0, 0, 0, 0, 0, -8, 0, -9
"/home/dharon/watum/performance/report/sbadmin2-1.0.7/dist/css/sb-admin-2.css", "PostCSS", 0, 0, 0, 0, 0, 0, 0, 0, 0, 0, 0, 0, -356, 0, 0, 0, 0, 0, 0, -5, -71, -432
"/home/dharon/watum/performance/report/sbadmin2-1.0.7/dist/js/sb-admin-2.js", "JavaScript", 0, 0, 0, 0, 0, 0, -28, 0, 0, 0, 0, 0, 0, 0, 0, 0, 0, 0, 0, -3, -6, -37
"/home/dharon/watum/performance/report/sbadmin2-1.0.7/less/mixins.less", "Less", 0, 0, 0, 0, 0, 0, 0, 0, 0, 0, 0, 0, 0, 0, 0, 0, 0, 0, 0, -1, -1, -2
"/home/dharon/watum/performance/report/sbadmin2-1.0.7/less/sb-admin-2.less", "Less", 0, 0, 0, 0, 0, 0, 0, 0, 0, 0, 0, 0, 0, 0, 0, 0, -282, 0, 0, -13, -72, -367
"/home/dharon/watum/performance/report/sbadmin2-1.0.7/less/variables.less", "Less", 0, 0, 0, 0, 0, 0, 0, 0, 0, 0, 0, 0, 0, 0, 0, 0, -11, 0, 0, -1, -3, -15
"/home/dharon/watum/performance/report/statistics.json", "JSON", -354, 0, 0, 0, 0, 0, 0, 0, 0, 0, 0, 0, 0, 0, 0, 0, 0, 0, 0, 0, 0, -354
"/home/dharon/watum/performance/watum-load-test-plan.jmx", "XML", 0, 0, 0, 0, 0, 0, 0, 0, 0, 0, -462, 0, 0, 0, 0, 0, 0, 0, 0, 0, -1, -463
"/home/dharon/watum/performance/watum-multi-user-test-plan.jmx", "XML", 0, 0, 0, 0, 0, 0, 0, 0, 0, 0, -861, 0, 0, 0, 0, 0, 0, 0, 0, 0, -1, -862
"/home/dharon/watum/playwright.config.ts", "TypeScript", 0, 0, 0, 0, 0, -5, 0, 0, 0, 0, 0, 0, 0, 0, 0, 0, 0, 0, 0, 0, -2, -7
"/home/dharon/watum/postcss.config.cjs", "JavaScript", 0, 0, 0, 0, 0, 0, -3, 0, 0, 0, 0, 0, 0, 0, 0, 0, 0, 0, 0, -1, -1, -5
"/home/dharon/watum/prisma.config.ts", "TypeScript", 0, 0, 0, 0, 0, -11, 0, 0, 0, 0, 0, 0, 0, 0, 0, 0, 0, 0, 0, -2, -2, -15
"/home/dharon/watum/prisma/schema.prisma", "Prisma", 0, 0, 0, -170, 0, 0, 0, 0, 0, 0, 0, 0, 0, 0, 0, 0, 0, 0, 0, -11, -52, -233
"/home/dharon/watum/scripts/benchmark-all.ts", "TypeScript", 0, 0, 0, 0, 0, -36, 0, 0, 0, 0, 0, 0, 0, 0, 0, 0, 0, 0, 0, 0, -5, -41
"/home/dharon/watum/scripts/benchmark-conflicts.mjs", "JavaScript", 0, 0, 0, 0, 0, 0, -200, 0, 0, 0, 0, 0, 0, 0, 0, 0, 0, 0, 0, -18, -33, -251
"/home/dharon/watum/scripts/benchmark-conflicts.ts", "TypeScript", 0, 0, 0, 0, 0, -49, 0, 0, 0, 0, 0, 0, 0, 0, 0, 0, 0, 0, 0, -1, -7, -57
"/home/dharon/watum/scripts/benchmark-env.mjs", "JavaScript", 0, 0, 0, 0, 0, 0, -1, 0, 0, 0, 0, 0, 0, 0, 0, 0, 0, 0, 0, 0, -1, -2
"/home/dharon/watum/scripts/benchmark-loader.mjs", "JavaScript", 0, 0, 0, 0, 0, 0, -17, 0, 0, 0, 0, 0, 0, 0, 0, 0, 0, 0, 0, -2, -1, -20
"/home/dharon/watum/scripts/benchmark-node.mjs", "JavaScript", 0, 0, 0, 0, 0, 0, -150, 0, 0, 0, 0, 0, 0, 0, 0, 0, 0, 0, 0, -14, -28, -192
"/home/dharon/watum/scripts/benchmark-suite.mjs", "JavaScript", 0, 0, 0, 0, 0, 0, -486, 0, 0, 0, 0, 0, 0, 0, 0, 0, 0, 0, 0, -56, -58, -600
"/home/dharon/watum/scripts/patch-room-picker.py", "Python", 0, 0, 0, 0, 0, 0, 0, 0, 0, -66, 0, 0, 0, 0, 0, 0, 0, 0, 0, -316, -22, -404
"/home/dharon/watum/scripts/run-migrations.mjs", "JavaScript", 0, 0, 0, 0, 0, 0, -181, 0, 0, 0, 0, 0, 0, 0, 0, 0, 0, 0, 0, 0, -32, -213
"/home/dharon/watum/scripts/test-audit-endpoint.mjs", "JavaScript", 0, 0, 0, 0, 0, 0, -73, 0, 0, 0, 0, 0, 0, 0, 0, 0, 0, 0, 0, 0, -10, -83
"/home/dharon/watum/scripts/test-audit-perf.mjs", "JavaScript", 0, 0, 0, 0, 0, 0, -58, 0, 0, 0, 0, 0, 0, 0, 0, 0, 0, 0, 0, -2, -12, -72
"/home/dharon/watum/seed.ts", "TypeScript", 0, 0, 0, 0, 0, -249, 0, 0, 0, 0, 0, 0, 0, 0, 0, 0, 0, 0, 0, -1, -24, -274
"/home/dharon/watum/skills-lock.json", "JSON", -95, 0, 0, 0, 0, 0, 0, 0, 0, 0, 0, 0, 0, 0, 0, 0, 0, 0, 0, 0, -1, -96
"/home/dharon/watum/stress-seed.ts", "TypeScript", 0, 0, 0, 0, 0, -1196, 0, 0, 0, 0, 0, 0, 0, 0, 0, 0, 0, 0, 0, -10, -134, -1340
"/home/dharon/watum/svelte.config.js", "JavaScript", 0, 0, 0, 0, 0, 0, -22, 0, 0, 0, 0, 0, 0, 0, 0, 0, 0, 0, 0, -2, -4, -28
"/home/dharon/watum/test-ops-network.json", "JSON", -7, 0, 0, 0, 0, 0, 0, 0, 0, 0, 0, 0, 0, 0, 0, 0, 0, 0, 0, 0, 0, -7
"/home/dharon/watum/test-page-enrollments.md", "Markdown", 0, 0, 0, 0, -43, 0, 0, 0, 0, 0, 0, 0, 0, 0, 0, 0, 0, 0, 0, 0, 0, -43
"/home/dharon/watum/test-page-grades.md", "Markdown", 0, 0, 0, 0, -54, 0, 0, 0, 0, 0, 0, 0, 0, 0, 0, 0, 0, 0, 0, 0, 0, -54
"/home/dharon/watum/test-page-loggedin-deep.md", "Markdown", 0, 0, 0, 0, -66, 0, 0, 0, 0, 0, 0, 0, 0, 0, 0, 0, 0, 0, 0, 0, 0, -66
"/home/dharon/watum/test-page-loggedout-deep.md", "Markdown", 0, 0, 0, 0, -65, 0, 0, 0, 0, 0, 0, 0, 0, 0, 0, 0, 0, 0, 0, 0, 0, -65
"/home/dharon/watum/test-page-loggedout.md", "Markdown", 0, 0, 0, 0, -25, 0, 0, 0, 0, 0, 0, 0, 0, 0, 0, 0, 0, 0, 0, 0, 0, -25
"/home/dharon/watum/test-page-snapshot.md", "Markdown", 0, 0, 0, 0, -40, 0, 0, 0, 0, 0, 0, 0, 0, 0, 0, 0, 0, 0, 0, 0, 0, -40
"/home/dharon/watum/test-page-students.md", "Markdown", 0, 0, 0, 0, -47, 0, 0, 0, 0, 0, 0, 0, 0, 0, 0, 0, 0, 0, 0, 0, 0, -47
"/home/dharon/watum/tsconfig.json", "JSON with Comments", 0, 0, 0, 0, 0, 0, 0, -15, 0, 0, 0, 0, 0, 0, 0, 0, 0, 0, 0, -5, -1, -21
"/home/dharon/watum/typesql.json", "JSON", -17, 0, 0, 0, 0, 0, 0, 0, 0, 0, 0, 0, 0, 0, 0, 0, 0, 0, 0, 0, -1, -18
"/home/dharon/watum/vite.config.ts", "TypeScript", 0, 0, 0, 0, 0, -4, 0, 0, 0, 0, 0, 0, 0, 0, 0, 0, 0, 0, 0, 0, -2, -6
"/home/dharon/watum/watum.session.sql", "MS SQL", 0, 0, 0, 0, 0, 0, 0, 0, 0, 0, 0, 0, 0, 0, 0, 0, 0, 0, 0, 0, -1, -1
"Total", "-", -9112, 0, -26, -170, -24061, -1550, -38149, -15, -24, -66, -2939, -3879, -4540, -2, -6, -12, -3080, -2556, -177, -10043, -18439, -118846